speed of light,permittivity,patch_length,patch_width,substrate_height,feed_depth,feed_gap_width,resonance,s11,realized_gain,l3vertical,l3horizontal
299792458000.0,4.3,0.8,0.7,0.05,0.26667,0.24,101100000000.0,-32.387,2.3147,2.3147,-2.7871
299792458000.0,4.3,0.8,0.7,0.05,0.13333,0.24,95750000000.0,-11.468,1.4896,1.4896,-3.6963
299792458000.0,4.3,0.8,0.7,0.05,0.044444,0.24,90950000000.0,-13.373,1.304,1.304,-3.7964
299792458000.0,4.3,0.8,0.7,0.05,0.26667,0.08,91400000000.0,-18.59,1.5957,1.5957,-3.3867
299792458000.0,4.3,0.8,0.7,0.05,0.13333,0.08,89900000000.0,-14.74,1.1996,1.1996,-3.8426
299792458000.0,4.3,0.8,0.7,0.05,0.044444,0.08,88850000000.0,-15.064,1.0763,1.0763,-3.9758
299792458000.0,4.3,0.8,0.7,0.05,0.26667,0.026667000000000003,89500000000.0,-14.788,1.2238,1.2238,-3.7931
299792458000.0,4.3,0.8,0.7,0.05,0.13333,0.026667000000000003,88750000000.0,-14.4,1.0765,1.0765,-3.9627
299792458000.0,4.3,0.8,0.7,0.05,0.044444,0.026667000000000003,88400000000.0,-14.6,1.0366,1.0366,-4.0117
299792458000.0,4.3,0.8,0.7,0.07,0.26667,0.24,101000000000.0,-16.634,3.2325,3.2325,-1.8805
299792458000.0,4.3,0.8,0.7,0.07,0.13333,0.24,94600000000.0,-9.0327,2.0277,2.0277,-3.0982
299792458000.0,4.3,0.8,0.7,0.07,0.044444,0.24,90050000000.0,-9.9237,1.9195,1.9195,-3.1381
299792458000.0,4.3,0.8,0.7,0.07,0.26667,0.08,90900000000.0,-13.798,2.4417,2.4417,-2.5116
299792458000.0,4.3,0.8,0.7,0.07,0.13333,0.08,88950000000.0,-10.843,1.8925,1.8925,-3.1075
299792458000.0,4.3,0.8,0.7,0.07,0.044444,0.08,87850000000.0,-10.845,1.758,1.758,-3.2467
299792458000.0,4.3,0.8,0.7,0.07,0.26667,0.026667000000000003,89300000000.0,-11.494000000000002,2.1626,2.1626,-2.8174
299792458000.0,4.3,0.8,0.7,0.07,0.13333,0.026667000000000003,88350000000.0,-10.403,1.912,1.912,-3.0904
299792458000.0,4.3,0.8,0.7,0.07,0.044444,0.026667000000000003,87900000000.0,-10.217,1.86,1.86,-3.1491
299792458000.0,4.3,0.8,0.7,0.09,0.26667,0.24,102600000000.0,-11.675999999999998,3.6013,3.6013,-1.5444
299792458000.0,4.3,0.8,0.7,0.09,0.13333,0.24,93900000000.0,-7.0664,2.1029,2.1029,-2.954
299792458000.0,4.3,0.8,0.7,0.09,0.044444,0.24,89300000000.0,-7.632999999999999,2.0525,2.0525,-2.9356
299792458000.0,4.3,0.8,0.7,0.09,0.26667,0.08,91050000000.0,-11.084,2.8994,2.8994,-2.0259
299792458000.0,4.3,0.8,0.7,0.09,0.13333,0.08,88550000000.0,-8.2547,2.1757,2.1757,-2.7765
299792458000.0,4.3,0.8,0.7,0.09,0.044444,0.08,87250000000.0,-8.073,2.0373,2.0373,-2.9145
299792458000.0,4.3,0.8,0.7,0.09,0.26667,0.026667000000000003,89100000000.0,-9.0584,2.443,2.443,-2.4983
299792458000.0,4.3,0.8,0.7,0.09,0.13333,0.026667000000000003,87850000000.0,-8.1043,2.1253,2.1253,-2.8222
299792458000.0,4.3,0.8,0.7,0.09,0.044444,0.026667000000000003,87250000000.0,-7.9144,2.0465,2.0465,-2.9033
299792458000.0,4.3,0.8,0.8,0.05,0.26667,0.24,96750000000.0,-13.16,1.8378,1.8378,-3.5408
299792458000.0,4.3,0.8,0.8,0.05,0.13333,0.24,94250000000.0,-15.537,2.1276,2.1276,-3.4625
299792458000.0,4.3,0.8,0.8,0.05,0.044444,0.24,90200000000.0,-16.215,1.7881,1.7881,-3.7424
299792458000.0,4.3,0.8,0.8,0.05,0.26667,0.08,90450000000.0,-28.679,1.9236,1.9236,-3.4563
299792458000.0,4.3,0.8,0.8,0.05,0.13333,0.08,89250000000.0,-18.066,1.6376,1.6376,-3.826
299792458000.0,4.3,0.8,0.8,0.05,0.044444,0.08,88350000000.0,-17.954,1.503,1.503,-3.9726
299792458000.0,4.3,0.8,0.8,0.05,0.26667,0.026667000000000003,88900000000.0,-18.169,1.68,1.68,-3.7505
299792458000.0,4.3,0.8,0.8,0.05,0.13333,0.026667000000000003,88250000000.0,-17.125999999999998,1.5171,1.5171,-3.9432
299792458000.0,4.3,0.8,0.8,0.05,0.044444,0.026667000000000003,87950000000.0,-17.223,1.5034,1.5034,-3.9672
299792458000.0,4.3,0.8,0.8,0.07,0.26667,0.24,96250000000.0,-19.886,3.275,3.275,-2.0992
299792458000.0,4.3,0.8,0.8,0.07,0.13333,0.24,93100000000.0,-11.775,2.7785,2.7785,-2.7592
299792458000.0,4.3,0.8,0.8,0.07,0.044444,0.24,89250000000.0,-11.727,2.4676,2.4676,-3.0101
299792458000.0,4.3,0.8,0.8,0.07,0.26667,0.08,89800000000.0,-18.518,2.8897,2.8897,-2.4576
299792458000.0,4.3,0.8,0.8,0.07,0.13333,0.08,88250000000.0,-12.849,2.398,2.398,-3.0201
299792458000.0,4.3,0.8,0.8,0.07,0.044444,0.08,87300000000.0,-12.515999999999998,2.2409,2.2409,-3.1872
299792458000.0,4.3,0.8,0.8,0.07,0.26667,0.026667000000000003,88500000000.0,-13.908,2.67,2.67,-2.7223
299792458000.0,4.3,0.8,0.8,0.07,0.13333,0.026667000000000003,87700000000.0,-12.15,2.4234,2.4234,-2.9984
299792458000.0,4.3,0.8,0.8,0.07,0.044444,0.026667000000000003,87300000000.0,-11.797,2.3488,2.3488,-3.0814
299792458000.0,4.3,0.8,0.8,0.09,0.26667,0.24,96450000000.0,-38.305,3.947,3.947,-1.4081
299792458000.0,4.3,0.8,0.8,0.09,0.13333,0.24,92350000000.0,-9.067,2.9435,2.9435,-2.5329
299792458000.0,4.3,0.8,0.8,0.09,0.044444,0.24,88450000000.0,-8.9463,2.6701,2.6701,-2.753
299792458000.0,4.3,0.8,0.8,0.09,0.26667,0.08,89700000000.0,-14.578,3.4493,3.4493,-1.8604
299792458000.0,4.3,0.8,0.8,0.09,0.13333,0.08,87800000000.0,-9.7419,2.7768,2.7768,-2.5995
299792458000.0,4.3,0.8,0.8,0.09,0.044444,0.08,86650000000.0,-9.2736,2.5849,2.5849,-2.7968
299792458000.0,4.3,0.8,0.8,0.09,0.26667,0.026667000000000003,88200000000.0,-10.880999999999998,3.0334,3.0334,-2.3144
299792458000.0,4.3,0.8,0.8,0.09,0.13333,0.026667000000000003,87100000000.0,-9.4026,2.6997,2.6997,-2.6729
299792458000.0,4.3,0.8,0.8,0.09,0.044444,0.026667000000000003,86600000000.0,-9.0819,2.5956,2.5956,-2.7845
299792458000.0,4.3,0.8,0.9,0.05,0.26667,0.24,93850000000.0,-8.0038,0.72935,0.72935,-4.8882
299792458000.0,4.3,0.8,0.9,0.05,0.13333,0.24,93050000000.0,-22.846,2.6387,2.6387,-3.2829
299792458000.0,4.3,0.8,0.9,0.05,0.044444,0.24,89550000000.0,-20.187,2.2119,2.2119,-3.683
299792458000.0,4.3,0.8,0.9,0.05,0.26667,0.08,89700000000.0,-29.131,2.1772,2.1772,-3.5601
299792458000.0,4.3,0.8,0.9,0.05,0.13333,0.08,88700000000.0,-23.041,2.0278,2.0278,-3.8036
299792458000.0,4.3,0.8,0.9,0.05,0.044444,0.08,87900000000.0,-21.991,1.9263,1.9263,-3.9228
299792458000.0,4.3,0.8,0.9,0.05,0.26667,0.026667000000000003,88400000000.0,-23.192,2.0282,2.0282,-3.7739
299792458000.0,4.3,0.8,0.9,0.05,0.13333,0.026667000000000003,87800000000.0,-20.796,1.9178,1.9178,-3.9162
299792458000.0,4.3,0.8,0.9,0.05,0.044444,0.026667000000000003,87550000000.0,-20.716,1.8676,1.8676,-3.9779
299792458000.0,4.3,0.8,0.9,0.07,0.26667,0.24,93200000000.0,-10.279000000000002,2.7611,2.7611,-2.8522
299792458000.0,4.3,0.8,0.9,0.07,0.13333,0.24,91850000000.0,-15.720999999999998,3.3679,3.3679,-2.4986
299792458000.0,4.3,0.8,0.9,0.07,0.044444,0.24,88500000000.0,-13.938,2.9603,2.9603,-2.8813
299792458000.0,4.3,0.8,0.9,0.07,0.26667,0.08,88900000000.0,-27.931,3.2482,3.2482,-2.4591
299792458000.0,4.3,0.8,0.9,0.07,0.13333,0.08,87650000000.0,-15.347,2.8558,2.8558,-2.9305
299792458000.0,4.3,0.8,0.9,0.07,0.044444,0.08,86800000000.0,-14.505999999999998,2.6978,2.6978,-3.1054
299792458000.0,4.3,0.8,0.9,0.07,0.26667,0.026667000000000003,87850000000.0,-17.085,3.1467,3.1467,-2.6126
299792458000.0,4.3,0.8,0.9,0.07,0.13333,0.026667000000000003,87150000000.0,-14.209,2.9088,2.9088,-2.8845
299792458000.0,4.3,0.8,0.9,0.07,0.044444,0.026667000000000003,86850000000.0,-13.605,2.8315,2.8315,-2.9757
299792458000.0,4.3,0.8,0.9,0.09,0.26667,0.24,92900000000.0,-13.55,3.7894,3.7894,-1.783
299792458000.0,4.3,0.8,0.9,0.09,0.13333,0.24,91050000000.0,-11.704,3.6419,3.6419,-2.164
299792458000.0,4.3,0.8,0.9,0.09,0.044444,0.24,87700000000.0,-10.488,3.2289,3.2289,-2.5603
299792458000.0,4.3,0.8,0.9,0.09,0.26667,0.08,88550000000.0,-20.086,3.8768,3.8768,-1.776
299792458000.0,4.3,0.8,0.9,0.09,0.13333,0.08,87100000000.0,-11.511,3.3094,3.3094,-2.437
299792458000.0,4.3,0.8,0.9,0.09,0.044444,0.08,86100000000.0,-10.647,3.0988,3.0988,-2.6639
299792458000.0,4.3,0.8,0.9,0.09,0.26667,0.026667000000000003,87400000000.0,-13.140999999999998,3.5498,3.5498,-2.1616
299792458000.0,4.3,0.8,0.9,0.09,0.13333,0.026667000000000003,86500000000.0,-10.892,3.2147,3.2147,-2.5333
299792458000.0,4.3,0.8,0.9,0.09,0.044444,0.026667000000000003,86050000000.0,-10.382,3.1196,3.1196,-2.6393
299792458000.0,4.3,0.8,1.0,0.05,0.26667,0.24,91750000000.0,-5.6995,-1.1188,-1.1188,-6.9602
299792458000.0,4.3,0.8,1.0,0.05,0.13333,0.24,91950000000.0,-34.554,2.971,2.971,-3.2862
299792458000.0,4.3,0.8,1.0,0.05,0.044444,0.24,89000000000.0,-27.163,2.6402,2.6402,-3.5993
299792458000.0,4.3,0.8,1.0,0.05,0.26667,0.08,89050000000.0,-20.068,2.3857,2.3857,-3.6805
299792458000.0,4.3,0.8,1.0,0.05,0.13333,0.08,88250000000.0,-34.124,2.3806,2.3806,-3.7904
299792458000.0,4.3,0.8,1.0,0.05,0.044444,0.08,87500000000.0,-29.01,2.2508,2.2508,-3.9391
299792458000.0,4.3,0.8,1.0,0.05,0.26667,0.026667000000000003,87950000000.0,-34.327,2.399,2.399,-3.7415
299792458000.0,4.3,0.8,1.0,0.05,0.13333,0.026667000000000003,87450000000.0,-26.575,2.2715,2.2715,-3.9032
299792458000.0,4.3,0.8,1.0,0.05,0.044444,0.026667000000000003,87200000000.0,-26.01,2.2532,2.2532,-3.9344
299792458000.0,4.3,0.8,1.0,0.07,0.26667,0.24,90900000000.0,-6.6472,1.7191,1.7191,-4.1462
299792458000.0,4.3,0.8,1.0,0.07,0.13333,0.24,90750000000.0,-22.99,3.8202,3.8202,-2.3856
299792458000.0,4.3,0.8,1.0,0.07,0.044444,0.24,87900000000.0,-16.832,3.4268,3.4268,-2.7661
299792458000.0,4.3,0.8,1.0,0.07,0.26667,0.08,88100000000.0,-29.655,3.498,3.498,-2.5282
299792458000.0,4.3,0.8,1.0,0.07,0.13333,0.08,87150000000.0,-18.691,3.2785,3.2785,-2.8507
299792458000.0,4.3,0.8,1.0,0.07,0.044444,0.08,86350000000.0,-16.983,3.0962,3.0962,-3.0511
299792458000.0,4.3,0.8,1.0,0.07,0.26667,0.026667000000000003,87250000000.0,-21.789,3.5287,3.5287,-2.5657
299792458000.0,4.3,0.8,1.0,0.07,0.13333,0.026667000000000003,86700000000.0,-16.854,3.3272,3.3272,-2.8104
299792458000.0,4.3,0.8,1.0,0.07,0.044444,0.026667000000000003,86350000000.0,-15.884,3.2417,3.2417,-2.9091
299792458000.0,4.3,0.8,1.0,0.09,0.26667,0.24,90300000000.0,-8.0073,3.055,3.055,-2.7623
299792458000.0,4.3,0.8,1.0,0.09,0.13333,0.24,89900000000.0,-15.617,4.195,4.195,-1.9491
299792458000.0,4.3,0.8,1.0,0.09,0.044444,0.24,87050000000.0,-12.369000000000002,3.742,3.742,-2.4008
299792458000.0,4.3,0.8,1.0,0.09,0.26667,0.08,87550000000.0,-36.229,4.1947,4.1947,-1.7768
299792458000.0,4.3,0.8,1.0,0.09,0.13333,0.08,86500000000.0,-13.703,3.7697,3.7697,-2.3206
299792458000.0,4.3,0.8,1.0,0.09,0.044444,0.08,85600000000.0,-12.268,3.5502,3.5502,-2.5621
299792458000.0,4.3,0.8,1.0,0.09,0.26667,0.026667000000000003,86700000000.0,-16.125,4.0025,4.0025,-2.0456
299792458000.0,4.3,0.8,1.0,0.09,0.13333,0.026667000000000003,85950000000.0,-12.694,3.705,3.705,-2.3884
299792458000.0,4.3,0.8,1.0,0.09,0.044444,0.026667000000000003,85550000000.0,-11.941,3.5771,3.5771,-2.5317
299792458000.0,4.3,0.8,1.1,0.05,0.26667,0.24,89950000000.0,-4.498,-3.7012,-3.7012,-9.8018
299792458000.0,4.3,0.8,1.1,0.05,0.13333,0.24,91050000000.0,-19.561,3.1735,3.1735,-3.3958
299792458000.0,4.3,0.8,1.1,0.05,0.044444,0.24,88550000000.0,-42.146,2.9285,2.9285,-3.66
299792458000.0,4.3,0.8,1.1,0.05,0.26667,0.08,88500000000.0,-16.012,2.3983,2.3983,-4.0053
299792458000.0,4.3,0.8,1.1,0.05,0.13333,0.08,87850000000.0,-30.964,2.6887,2.6887,-3.8277
299792458000.0,4.3,0.8,1.1,0.05,0.044444,0.08,87200000000.0,-43.124,2.5987,2.5987,-3.9348
299792458000.0,4.3,0.8,1.1,0.05,0.26667,0.026667000000000003,87600000000.0,-31.18,2.6363,2.6363,-3.8474
299792458000.0,4.3,0.8,1.1,0.05,0.13333,0.026667000000000003,87150000000.0,-44.911,2.6229,2.6229,-3.8951
299792458000.0,4.3,0.8,1.1,0.05,0.044444,0.026667000000000003,86900000000.0,-40.01,2.5975,2.5975,-3.9291
299792458000.0,4.3,0.8,1.1,0.07,0.26667,0.24,89050000000.0,-4.6852,0.017129,0.017129,-6.1406
299792458000.0,4.3,0.8,1.1,0.07,0.13333,0.24,89800000000.0,-33.339,4.1514,4.1514,-2.3629
299792458000.0,4.3,0.8,1.1,0.07,0.044444,0.24,87400000000.0,-21.101,3.8073,3.8073,-2.7318
299792458000.0,4.3,0.8,1.1,0.07,0.26667,0.08,87450000000.0,-19.842,3.6247,3.6247,-2.7382
299792458000.0,4.3,0.8,1.1,0.07,0.13333,0.08,86700000000.0,-23.93,3.6188,3.6188,-2.8586
299792458000.0,4.3,0.8,1.1,0.07,0.044444,0.08,85950000000.0,-20.322,3.4854,3.4854,-3.0088
299792458000.0,4.3,0.8,1.1,0.07,0.26667,0.026667000000000003,86800000000.0,-32.233000000000004,3.8848,3.8848,-2.5543
299792458000.0,4.3,0.8,1.1,0.07,0.13333,0.026667000000000003,86300000000.0,-20.497,3.7166,3.7166,-2.7692
299792458000.0,4.3,0.8,1.1,0.07,0.044444,0.026667000000000003,86000000000.0,-18.815,3.6651,3.6651,-2.8352
299792458000.0,4.3,0.8,1.1,0.09,0.26667,0.24,88250000000.0,-5.2037,1.7515,1.7515,-4.3551
299792458000.0,4.3,0.8,1.1,0.09,0.13333,0.24,88900000000.0,-23.33,4.6268,4.6268,-1.8165
299792458000.0,4.3,0.8,1.1,0.09,0.044444,0.24,86450000000.0,-14.809,4.1792,4.1792,-2.3059
299792458000.0,4.3,0.8,1.1,0.09,0.26667,0.08,86750000000.0,-23.488000000000003,4.4212,4.4212,-1.8856
299792458000.0,4.3,0.8,1.1,0.09,0.13333,0.08,85950000000.0,-16.637999999999998,4.2009,4.2009,-2.2328
299792458000.0,4.3,0.8,1.1,0.09,0.044444,0.08,85150000000.0,-14.248,3.9811,3.9811,-2.4824
299792458000.0,4.3,0.8,1.1,0.09,0.26667,0.026667000000000003,86100000000.0,-20.702,4.4092,4.4092,-1.9781
299792458000.0,4.3,0.8,1.1,0.09,0.13333,0.026667000000000003,85500000000.0,-14.951,4.1276,4.1276,-2.3137
299792458000.0,4.3,0.8,1.1,0.09,0.044444,0.026667000000000003,85150000000.0,-13.806,4.0253,4.0253,-2.4352
299792458000.0,4.3,0.85,0.7,0.05,0.28333,0.255,97750000000.0,-19.213,1.9997,1.9997,-3.0039
299792458000.0,4.3,0.85,0.7,0.05,0.14167000000000002,0.255,90850000000.0,-10.603,0.992,0.992,-4.0349
299792458000.0,4.3,0.85,0.7,0.05,0.047222,0.255,85950000000.0,-13.152,0.8859799999999999,0.8859799999999999,-4.0458
299792458000.0,4.3,0.85,0.7,0.05,0.28333,0.085,86500000000.0,-17.014,1.1801,1.1801,-3.6428
299792458000.0,4.3,0.85,0.7,0.05,0.14167000000000002,0.085,84900000000.0,-14.461,0.7519399999999999,0.7519399999999999,-4.1214
299792458000.0,4.3,0.85,0.7,0.05,0.047222,0.085,83850000000.0,-15.136,0.6423300000000001,0.6423300000000001,-4.2379
299792458000.0,4.3,0.85,0.7,0.05,0.28333,0.028333,84450000000.0,-14.299,0.7605,0.7605,-4.085
299792458000.0,4.3,0.85,0.7,0.05,0.14167000000000002,0.028333,83700000000.0,-14.374,0.61248,0.61248,-4.253
299792458000.0,4.3,0.85,0.7,0.05,0.047222,0.028333,83400000000.0,-14.77,0.59395,0.59395,-4.2799
299792458000.0,4.3,0.85,0.7,0.07,0.28333,0.255,98050000000.0,-12.873,2.8772,2.8772,-2.1537
299792458000.0,4.3,0.85,0.7,0.07,0.14167000000000002,0.255,89850000000.0,-8.3519,1.567,1.567,-3.403
299792458000.0,4.3,0.85,0.7,0.07,0.047222,0.255,85200000000.0,-9.6727,1.5459,1.5459,-3.3435
299792458000.0,4.3,0.85,0.7,0.07,0.28333,0.085,86150000000.0,-12.871,2.0934,2.0934,-2.7041
299792458000.0,4.3,0.85,0.7,0.07,0.14167000000000002,0.085,84100000000.0,-10.521,1.5218,1.5218,-3.3122
299792458000.0,4.3,0.85,0.7,0.07,0.047222,0.085,83000000000.0,-10.692,1.4188,1.4188,-3.4137
299792458000.0,4.3,0.85,0.7,0.07,0.28333,0.028333,84400000000.0,-11.015999999999998,1.7898,1.7898,-3.0279
299792458000.0,4.3,0.85,0.7,0.07,0.14167000000000002,0.028333,83450000000.0,-10.177,1.5512,1.5512,-3.2809
299792458000.0,4.3,0.85,0.7,0.07,0.047222,0.028333,83000000000.0,-10.092,1.5212,1.5212,-3.3137
299792458000.0,4.3,0.85,0.7,0.09,0.28333,0.255,100750000000.0,-9.5921,3.2146,3.2146,-1.8828
299792458000.0,4.3,0.85,0.7,0.09,0.14167000000000002,0.255,89200000000.0,-6.5378,1.64,1.64,-3.2612
299792458000.0,4.3,0.85,0.7,0.09,0.047222,0.255,84500000000.0,-7.4192,1.7106,1.7106,-3.1184
299792458000.0,4.3,0.85,0.7,0.09,0.28333,0.085,86350000000.0,-10.275,2.5282,2.5282,-2.2534
299792458000.0,4.3,0.85,0.7,0.09,0.14167000000000002,0.085,83650000000.0,-7.9929999999999986,1.8213,1.8213,-2.9628
299792458000.0,4.3,0.85,0.7,0.09,0.047222,0.085,82350000000.0,-7.9784,1.7035,1.7035,-3.0713
299792458000.0,4.3,0.85,0.7,0.09,0.28333,0.028333,84300000000.0,-8.6822,2.1016,2.1016,-2.6748
299792458000.0,4.3,0.85,0.7,0.09,0.14167000000000002,0.028333,83000000000.0,-7.8935,1.8071,1.8071,-2.9692
299792458000.0,4.3,0.85,0.7,0.09,0.047222,0.028333,82450000000.0,-7.7722,1.7301,1.7301,-3.0467
299792458000.0,4.3,0.85,0.8,0.05,0.28333,0.255,92750000000.0,-17.201,1.765,1.765,-3.4798
299792458000.0,4.3,0.85,0.8,0.05,0.14167000000000002,0.255,89500000000.0,-14.015999999999998,1.6509,1.6509,-3.7574
299792458000.0,4.3,0.85,0.8,0.05,0.047222,0.255,85250000000.0,-15.743,1.3431,1.3431,-3.991
299792458000.0,4.3,0.85,0.8,0.05,0.28333,0.085,85600000000.0,-24.123,1.5022,1.5022,-3.6912
299792458000.0,4.3,0.85,0.8,0.05,0.14167000000000002,0.085,84350000000.0,-17.471,1.1747,1.1747,-4.0973
299792458000.0,4.3,0.85,0.8,0.05,0.047222,0.085,83400000000.0,-17.865,1.0418,1.0418,-4.2383
299792458000.0,4.3,0.85,0.8,0.05,0.28333,0.028333,83950000000.0,-17.226,1.2305,1.2305,-4.0074
299792458000.0,4.3,0.85,0.8,0.05,0.14167000000000002,0.028333,83300000000.0,-16.829,1.0497,1.0497,-4.2158
299792458000.0,4.3,0.85,0.8,0.05,0.047222,0.028333,83000000000.0,-17.177,1.0586,1.0586,-4.2157
299792458000.0,4.3,0.85,0.8,0.07,0.28333,0.255,92450000000.0,-34.994,3.0863,3.0863,-2.1638
299792458000.0,4.3,0.85,0.8,0.07,0.14167000000000002,0.255,88450000000.0,-10.724,2.3215,2.3215,-3.0408
299792458000.0,4.3,0.85,0.8,0.07,0.047222,0.255,84400000000.0,-11.315,2.0737,2.0737,-3.2096
299792458000.0,4.3,0.85,0.8,0.07,0.28333,0.085,85100000000.0,-16.834,2.5541,2.5541,-2.616
299792458000.0,4.3,0.85,0.8,0.07,0.14167000000000002,0.085,83500000000.0,-12.339,2.0154,2.0154,-3.2108
299792458000.0,4.3,0.85,0.8,0.07,0.047222,0.085,82500000000.0,-12.234000000000002,1.8634,1.8634,-3.3683
299792458000.0,4.3,0.85,0.8,0.07,0.28333,0.028333,83700000000.0,-13.159,2.2905,2.2905,-2.9153
299792458000.0,4.3,0.85,0.8,0.07,0.14167000000000002,0.028333,82850000000.0,-11.773,2.0477,2.0477,-3.1782
299792458000.0,4.3,0.85,0.8,0.07,0.047222,0.028333,82500000000.0,-11.553,1.9723,1.9723,-3.2628
299792458000.0,4.3,0.85,0.8,0.09,0.28333,0.255,92950000000.0,-20.408,3.7405,3.7405,-1.5104
299792458000.0,4.3,0.85,0.8,0.09,0.14167000000000002,0.255,87750000000.0,-8.3088,2.5067,2.5067,-2.7954
299792458000.0,4.3,0.85,0.8,0.09,0.047222,0.255,83700000000.0,-8.6189,2.3128,2.3128,-2.9213
299792458000.0,4.3,0.85,0.8,0.09,0.28333,0.085,85050000000.0,-13.231,3.1010000000000004,3.1010000000000004,-2.0372
299792458000.0,4.3,0.85,0.8,0.09,0.14167000000000002,0.085,83000000000.0,-9.3325,2.4159,2.4159,-2.7762
299792458000.0,4.3,0.85,0.8,0.09,0.047222,0.085,81850000000.0,-9.077,2.2389,2.2389,-2.955
299792458000.0,4.3,0.85,0.8,0.09,0.28333,0.028333,83450000000.0,-10.321,2.6731,2.6731,-2.4938
299792458000.0,4.3,0.85,0.8,0.09,0.14167000000000002,0.028333,82350000000.0,-9.0794,2.3441,2.3441,-2.8445
299792458000.0,4.3,0.85,0.8,0.09,0.047222,0.028333,81850000000.0,-8.8439,2.2645,2.2645,-2.9298
299792458000.0,4.3,0.85,0.9,0.05,0.28333,0.255,89700000000.0,-9.6677,0.8260799999999999,0.8260799999999999,-4.6709
299792458000.0,4.3,0.85,0.9,0.05,0.14167000000000002,0.255,88300000000.0,-19.348,2.1566,2.1566,-3.5962
299792458000.0,4.3,0.85,0.9,0.05,0.047222,0.255,84700000000.0,-19.219,1.771,1.771,-3.942
299792458000.0,4.3,0.85,0.9,0.05,0.28333,0.085,84850000000.0,-42.025,1.7664,1.7664,-3.8049
299792458000.0,4.3,0.85,0.9,0.05,0.14167000000000002,0.085,83850000000.0,-21.696,1.5817,1.5817,-4.0705
299792458000.0,4.3,0.85,0.9,0.05,0.047222,0.085,83000000000.0,-21.57,1.4744,1.4744,-4.1936
299792458000.0,4.3,0.85,0.9,0.05,0.28333,0.028333,83500000000.0,-21.273000000000003,1.5508,1.5508,-4.074
299792458000.0,4.3,0.85,0.9,0.05,0.14167000000000002,0.028333,82900000000.0,-20.094,1.4551,1.4551,-4.1984
299792458000.0,4.3,0.85,0.9,0.05,0.047222,0.028333,82650000000.0,-20.388,1.3971,1.3971,-4.2685
299792458000.0,4.3,0.85,0.9,0.07,0.28333,0.255,89200000000.0,-12.809,2.7704,2.7704,-2.7304
299792458000.0,4.3,0.85,0.9,0.07,0.14167000000000002,0.255,87250000000.0,-13.912,2.9330000000000003,2.9330000000000003,-2.7753
299792458000.0,4.3,0.85,0.9,0.07,0.047222,0.255,83750000000.0,-13.269,2.5653,2.5653,-3.1042
299792458000.0,4.3,0.85,0.9,0.07,0.28333,0.085,84200000000.0,-23.357,2.8875,2.8875,-2.6523
299792458000.0,4.3,0.85,0.9,0.07,0.14167000000000002,0.085,82950000000.0,-14.538,2.4953,2.4953,-3.1198
299792458000.0,4.3,0.85,0.9,0.07,0.047222,0.085,82050000000.0,-14.031,2.3271,2.3271,-3.3006
299792458000.0,4.3,0.85,0.9,0.07,0.28333,0.028333,83100000000.0,-15.847,2.7578,2.7578,-2.8315
299792458000.0,4.3,0.85,0.9,0.07,0.14167000000000002,0.028333,82400000000.0,-13.604,2.4997,2.4997,-3.1208
299792458000.0,4.3,0.85,0.9,0.07,0.047222,0.028333,82050000000.0,-13.186,2.4485,2.4485,-3.1828
299792458000.0,4.3,0.85,0.9,0.09,0.28333,0.255,89100000000.0,-17.988,3.7375,3.7375,-1.7373
299792458000.0,4.3,0.85,0.9,0.09,0.14167000000000002,0.255,86500000000.0,-10.524,3.2036,3.2036,-2.4512
299792458000.0,4.3,0.85,0.9,0.09,0.047222,0.255,83000000000.0,-9.9934,2.8679,2.8679,-2.753
299792458000.0,4.3,0.85,0.9,0.09,0.28333,0.085,84000000000.0,-17.412,3.5555,3.5555,-1.9477
299792458000.0,4.3,0.85,0.9,0.09,0.14167000000000002,0.085,82400000000.0,-10.887,2.9149,2.9149,-2.6639
299792458000.0,4.3,0.85,0.9,0.09,0.047222,0.085,81350000000.0,-10.316,2.7155,2.7155,-2.8741
299792458000.0,4.3,0.85,0.9,0.09,0.28333,0.028333,82750000000.0,-12.285,3.1911,3.1911,-2.3602
299792458000.0,4.3,0.85,0.9,0.09,0.14167000000000002,0.028333,81800000000.0,-10.404000000000002,2.8561,2.8561,-2.7228
299792458000.0,4.3,0.85,0.9,0.09,0.047222,0.028333,81400000000.0,-10.013,2.7515,2.7515,-2.8379
299792458000.0,4.3,0.85,1.0,0.05,0.28333,0.255,87500000000.0,-6.73,-0.7353,-0.7353,-6.4448
299792458000.0,4.3,0.85,1.0,0.05,0.14167000000000002,0.255,87300000000.0,-33.238,2.5213,2.5213,-3.5475
299792458000.0,4.3,0.85,1.0,0.05,0.047222,0.255,84150000000.0,-24.674,2.1563,2.1563,-3.8777
299792458000.0,4.3,0.85,1.0,0.05,0.28333,0.085,84250000000.0,-23.203000000000007,1.915,1.915,-3.9585
299792458000.0,4.3,0.85,1.0,0.05,0.14167000000000002,0.085,83400000000.0,-29.276,1.8851,1.8851,-4.0841
299792458000.0,4.3,0.85,1.0,0.05,0.047222,0.085,82650000000.0,-27.552,1.7723,1.7723,-4.2123
299792458000.0,4.3,0.85,1.0,0.05,0.28333,0.028333,83100000000.0,-28.211,1.9122,1.9122,-4.026
299792458000.0,4.3,0.85,1.0,0.05,0.14167000000000002,0.028333,82600000000.0,-24.835,1.7846,1.7846,-4.1856
299792458000.0,4.3,0.85,1.0,0.05,0.047222,0.028333,82300000000.0,-25.008000000000006,1.744,1.744,-4.2359
299792458000.0,4.3,0.85,1.0,0.07,0.28333,0.255,86850000000.0,-8.0473,1.9417,1.9417,-3.79
299792458000.0,4.3,0.85,1.0,0.07,0.14167000000000002,0.255,86200000000.0,-18.867,3.4178,3.4178,-2.6006
299792458000.0,4.3,0.85,1.0,0.07,0.047222,0.255,83200000000.0,-15.724,3.0108,3.0108,-2.9859
299792458000.0,4.3,0.85,1.0,0.07,0.28333,0.085,83500000000.0,-49.11,3.136,3.136,-2.7067
299792458000.0,4.3,0.85,1.0,0.07,0.14167000000000002,0.085,82450000000.0,-17.336,2.8661,2.8661,-3.0699
299792458000.0,4.3,0.85,1.0,0.07,0.047222,0.085,81650000000.0,-16.206,2.7024,2.7024,-3.2486
299792458000.0,4.3,0.85,1.0,0.07,0.28333,0.028333,82550000000.0,-19.501,3.1175,3.1175,-2.7868
299792458000.0,4.3,0.85,1.0,0.07,0.14167000000000002,0.028333,81950000000.0,-15.877,2.9362,2.9362,-3.0066
299792458000.0,4.3,0.85,1.0,0.07,0.047222,0.028333,81650000000.0,-15.19,2.8367,2.8367,-3.1186
299792458000.0,4.3,0.85,1.0,0.09,0.28333,0.255,86450000000.0,-9.9703,3.2125,3.2125,-2.4825
299792458000.0,4.3,0.85,1.0,0.09,0.14167000000000002,0.255,85450000000.0,-13.549,3.7815,3.7815,-2.1862
299792458000.0,4.3,0.85,1.0,0.09,0.047222,0.255,82400000000.0,-11.617,3.3424,3.3424,-2.6058
299792458000.0,4.3,0.85,1.0,0.09,0.28333,0.085,83050000000.0,-25.097,3.8894,3.8894,-1.9136
299792458000.0,4.3,0.85,1.0,0.09,0.14167000000000002,0.085,81850000000.0,-12.748,3.3879,3.3879,-2.5089
299792458000.0,4.3,0.85,1.0,0.09,0.047222,0.085,80900000000.0,-11.745,3.1741,3.1741,-2.7374
299792458000.0,4.3,0.85,1.0,0.09,0.28333,0.028333,82100000000.0,-14.747,3.6462,3.6462,-2.2141
299792458000.0,4.3,0.85,1.0,0.09,0.14167000000000002,0.028333,81300000000.0,-11.973,3.3146,3.3146,-2.5836
299792458000.0,4.3,0.85,1.0,0.09,0.047222,0.028333,80900000000.0,-11.389,3.2165,3.2165,-2.6943
299792458000.0,4.3,0.85,1.1,0.05,0.28333,0.255,85800000000.0,-5.2305,-2.887,-2.887,-8.803
299792458000.0,4.3,0.85,1.1,0.05,0.14167000000000002,0.255,86400000000.0,-24.328000000000007,2.7432,2.7432,-3.6408
299792458000.0,4.3,0.85,1.1,0.05,0.047222,0.255,83750000000.0,-39.598,2.4817,2.4817,-3.8773
299792458000.0,4.3,0.85,1.1,0.05,0.28333,0.085,83750000000.0,-18.042,2.0171,2.0171,-4.1681
299792458000.0,4.3,0.85,1.1,0.05,0.14167000000000002,0.085,83050000000.0,-39.209,2.2378,2.2378,-4.0539
299792458000.0,4.3,0.85,1.1,0.05,0.047222,0.085,82350000000.0,-50.99800000000001,2.0862,2.0862,-4.2179
299792458000.0,4.3,0.85,1.1,0.05,0.28333,0.028333,82750000000.0,-45.576,2.1583,2.1583,-4.0997
299792458000.0,4.3,0.85,1.1,0.05,0.14167000000000002,0.028333,82300000000.0,-34.954,2.102,2.102,-4.1875
299792458000.0,4.3,0.85,1.1,0.05,0.047222,0.028333,82050000000.0,-34.736999999999995,2.1116,2.1116,-4.1868
299792458000.0,4.3,0.85,1.1,0.07,0.28333,0.255,85050000000.0,-5.6456,0.60104,0.60104,-5.3756
299792458000.0,4.3,0.85,1.1,0.07,0.14167000000000002,0.255,85300000000.0,-31.034,3.7753,3.7753,-2.5632
299792458000.0,4.3,0.85,1.1,0.07,0.047222,0.255,82700000000.0,-19.054,3.3953,3.3953,-2.9283
299792458000.0,4.3,0.85,1.1,0.07,0.28333,0.085,82850000000.0,-23.407,3.3423,3.3423,-2.8109
299792458000.0,4.3,0.85,1.1,0.07,0.14167000000000002,0.085,82050000000.0,-21.282,3.2583,3.2583,-2.9999
299792458000.0,4.3,0.85,1.1,0.07,0.047222,0.085,81300000000.0,-19.005,3.0663,3.0663,-3.2079
299792458000.0,4.3,0.85,1.1,0.07,0.28333,0.028333,82100000000.0,-25.505,3.4811,3.4811,-2.7411
299792458000.0,4.3,0.85,1.1,0.07,0.14167000000000002,0.028333,81550000000.0,-18.82,3.279,3.279,-2.9843
299792458000.0,4.3,0.85,1.1,0.07,0.047222,0.028333,81250000000.0,-17.688,3.2136,3.2136,-3.0636
299792458000.0,4.3,0.85,1.1,0.09,0.28333,0.255,84400000000.0,-6.4693,2.2214,2.2214,-3.7182
299792458000.0,4.3,0.85,1.1,0.09,0.14167000000000002,0.255,84500000000.0,-18.345,4.2427,4.2427,-2.034
299792458000.0,4.3,0.85,1.1,0.09,0.047222,0.255,81850000000.0,-13.622,3.7972,3.7972,-2.4897
299792458000.0,4.3,0.85,1.1,0.09,0.28333,0.085,82300000000.0,-33.695,4.1156,4.1156,-1.9871
299792458000.0,4.3,0.85,1.1,0.09,0.14167000000000002,0.085,81350000000.0,-15.092,3.7888,3.7888,-2.437
299792458000.0,4.3,0.85,1.1,0.09,0.047222,0.085,80500000000.0,-13.429,3.571,3.571,-2.6737
299792458000.0,4.3,0.85,1.1,0.09,0.28333,0.028333,81550000000.0,-18.14,4.0288,4.0288,-2.1509
299792458000.0,4.3,0.85,1.1,0.09,0.14167000000000002,0.028333,80900000000.0,-13.852,3.7576,3.7576,-2.4735
299792458000.0,4.3,0.85,1.1,0.09,0.047222,0.028333,80550000000.0,-12.975,3.6334,3.6334,-2.6135
299792458000.0,4.3,0.9,0.7,0.05,0.3,0.27,95250000000.0,-14.874,1.6782,1.6782,-3.254
299792458000.0,4.3,0.9,0.7,0.05,0.15,0.27,86550000000.0,-9.8603,0.52317,0.52317,-4.3584
299792458000.0,4.3,0.9,0.7,0.05,0.05,0.27,81600000000.0,-12.844,0.50245,0.50245,-4.2633
299792458000.0,4.3,0.9,0.7,0.05,0.3,0.09,82150000000.0,-16.026,0.8860600000000001,0.8860600000000001,-3.7665
299792458000.0,4.3,0.9,0.7,0.05,0.15,0.09,80550000000.0,-13.954,0.38239,0.38239,-4.3182
299792458000.0,4.3,0.9,0.7,0.05,0.05,0.09,79500000000.0,-14.777,0.29189,0.29189,-4.4102
299792458000.0,4.3,0.9,0.7,0.05,0.3,0.03,79950000000.0,-13.99,0.37174,0.37174,-4.294
299792458000.0,4.3,0.9,0.7,0.05,0.15,0.03,79250000000.0,-14.47,0.19982,0.19982,-4.4854
299792458000.0,4.3,0.9,0.7,0.05,0.05,0.03,78950000000.0,-15.042,0.22167,0.22167,-4.471
299792458000.0,4.3,0.9,0.7,0.07,0.3,0.27,96200000000.0,-10.69,2.4615,2.4615,-2.5162
299792458000.0,4.3,0.9,0.7,0.07,0.15,0.27,85550000000.0,-7.7728,1.098,1.098,-3.7293
299792458000.0,4.3,0.9,0.7,0.07,0.05,0.27,80850000000.0,-9.4737,1.2014,1.2014,-3.5105
299792458000.0,4.3,0.9,0.7,0.07,0.3,0.09,81900000000.0,-12.171,1.7931,1.7931,-2.8386
299792458000.0,4.3,0.9,0.7,0.07,0.15,0.09,79800000000.0,-10.22,1.1847,1.1847,-3.4723
299792458000.0,4.3,0.9,0.7,0.07,0.05,0.09,78750000000.0,-10.502,1.0936,1.0936,-3.5619
299792458000.0,4.3,0.9,0.7,0.07,0.3,0.03,80000000000.0,-10.616,1.4629,1.4629,-3.1821
299792458000.0,4.3,0.9,0.7,0.07,0.15,0.03,79050000000.0,-10.019,1.2281,1.2281,-3.424
299792458000.0,4.3,0.9,0.7,0.07,0.05,0.03,78600000000.0,-10.027,1.1657,1.1657,-3.4887
299792458000.0,4.3,0.9,0.7,0.09,0.3,0.27,100750000000.0,-8.2221,2.7585,2.7585,-2.3428
299792458000.0,4.3,0.9,0.7,0.09,0.15,0.27,85100000000.0,-6.0604,1.1889,1.1889,-3.56
299792458000.0,4.3,0.9,0.7,0.09,0.05,0.27,80250000000.0,-7.2222,1.3922,1.3922,-3.2661
299792458000.0,4.3,0.9,0.7,0.09,0.3,0.09,82150000000.0,-9.6328,2.2034,2.2034,-2.4209
299792458000.0,4.3,0.9,0.7,0.09,0.15,0.09,79300000000.0,-7.761,1.4917,1.4917,-3.1206
299792458000.0,4.3,0.9,0.7,0.09,0.05,0.09,78000000000.0,-7.8729,1.4112,1.4112,-3.1901
299792458000.0,4.3,0.9,0.7,0.09,0.3,0.03,79950000000.0,-8.3564,1.7914,1.7914,-2.8147
299792458000.0,4.3,0.9,0.7,0.09,0.15,0.03,78650000000.0,-7.7217,1.4875,1.4875,-3.1168
299792458000.0,4.3,0.9,0.7,0.09,0.05,0.03,78100000000.0,-7.6632,1.4449,1.4449,-3.1587
299792458000.0,4.3,0.9,0.8,0.05,0.3,0.27,89350000000.0,-24.037,1.6543,1.6543,-3.4762
299792458000.0,4.3,0.9,0.8,0.05,0.15,0.27,85250000000.0,-12.821,1.2313,1.2313,-4.0116
299792458000.0,4.3,0.9,0.8,0.05,0.05,0.27,80900000000.0,-15.231,0.982,0.982,-4.1759
299792458000.0,4.3,0.9,0.8,0.05,0.3,0.09,81300000000.0,-21.973000000000006,1.1887,1.1887,-3.8411
299792458000.0,4.3,0.9,0.8,0.05,0.15,0.09,80050000000.0,-16.665,0.8658600000000001,0.8658600000000001,-4.2346
299792458000.0,4.3,0.9,0.8,0.05,0.05,0.09,79050000000.0,-17.27,0.72746,0.72746,-4.3806
299792458000.0,4.3,0.9,0.8,0.05,0.3,0.03,79500000000.0,-16.617,0.74185,0.74185,-4.3239
299792458000.0,4.3,0.9,0.8,0.05,0.15,0.03,78850000000.0,-16.79,0.6194,0.6194,-4.4728
299792458000.0,4.3,0.9,0.8,0.05,0.05,0.03,78550000000.0,-17.384,0.5647300000000001,0.5647300000000001,-4.5365
299792458000.0,4.3,0.9,0.8,0.07,0.3,0.27,89200000000.0,-24.599,2.9013,2.9013,-2.2448
299792458000.0,4.3,0.9,0.8,0.07,0.15,0.27,84300000000.0,-9.8699,1.911,1.911,-3.2951
299792458000.0,4.3,0.9,0.8,0.07,0.05,0.27,80150000000.0,-10.923,1.7376,1.7376,-3.3785
299792458000.0,4.3,0.9,0.8,0.07,0.3,0.09,80900000000.0,-15.664,2.2496,2.2496,-2.7626
299792458000.0,4.3,0.9,0.8,0.07,0.15,0.09,79250000000.0,-11.886,1.6829,1.6829,-3.3745
299792458000.0,4.3,0.9,0.8,0.07,0.05,0.09,78250000000.0,-11.932,1.5415,1.5415,-3.5196
299792458000.0,4.3,0.9,0.8,0.07,0.3,0.03,79350000000.0,-12.542,1.917,1.917,-3.1189
299792458000.0,4.3,0.9,0.8,0.07,0.15,0.03,78500000000.0,-11.485,1.6687,1.6687,-3.3864
299792458000.0,4.3,0.9,0.8,0.07,0.05,0.03,78150000000.0,-11.393,1.6292,1.6292,-3.4331
299792458000.0,4.3,0.9,0.8,0.09,0.3,0.27,90050000000.0,-15.384,3.4878,3.4878,-1.6761
299792458000.0,4.3,0.9,0.8,0.09,0.15,0.27,83650000000.0,-7.6849,2.0909,2.0909,-3.0567
299792458000.0,4.3,0.9,0.8,0.09,0.05,0.27,79500000000.0,-8.3184,1.9785,1.9785,-3.0906
299792458000.0,4.3,0.9,0.8,0.09,0.3,0.09,80900000000.0,-12.229,2.7688,2.7688,-2.2163
299792458000.0,4.3,0.9,0.8,0.09,0.15,0.09,78700000000.0,-8.9829,2.0534,2.0534,-2.9753
299792458000.0,4.3,0.9,0.8,0.09,0.05,0.09,77550000000.0,-8.8886,1.9011,1.9011,-3.1271
299792458000.0,4.3,0.9,0.8,0.09,0.3,0.03,79200000000.0,-9.8486,2.3464,2.3464,-2.6614
299792458000.0,4.3,0.9,0.8,0.09,0.15,0.03,78100000000.0,-8.8154,2.0276,2.0276,-2.9973
299792458000.0,4.3,0.9,0.8,0.09,0.05,0.03,77600000000.0,-8.6585,1.9396,1.9396,-3.0885
299792458000.0,4.3,0.9,0.9,0.05,0.3,0.27,86050000000.0,-11.505999999999998,1.011,1.011,-4.3675
299792458000.0,4.3,0.9,0.9,0.05,0.15,0.27,84100000000.0,-17.099,1.7743,1.7743,-3.8328
299792458000.0,4.3,0.9,0.9,0.05,0.05,0.27,80350000000.0,-18.314,1.3695,1.3695,-4.1653
299792458000.0,4.3,0.9,0.9,0.05,0.3,0.09,80600000000.0,-39.24,1.4129,1.4129,-3.9715
299792458000.0,4.3,0.9,0.9,0.05,0.15,0.09,79550000000.0,-20.294,1.1885,1.1885,-4.2803
299792458000.0,4.3,0.9,0.9,0.05,0.05,0.09,78700000000.0,-20.54,1.0684,1.0684,-4.4099
299792458000.0,4.3,0.9,0.9,0.05,0.3,0.03,79050000000.0,-20.102,1.1285,1.1285,-4.3022
299792458000.0,4.3,0.9,0.9,0.05,0.15,0.03,78500000000.0,-19.82,0.95361,0.95361,-4.5061
299792458000.0,4.3,0.9,0.9,0.05,0.05,0.03,78250000000.0,-20.459,0.94594,0.94594,-4.5239
299792458000.0,4.3,0.9,0.9,0.07,0.3,0.27,85650000000.0,-16.059,2.7129,2.7129,-2.6798
299792458000.0,4.3,0.9,0.9,0.07,0.15,0.27,83150000000.0,-12.577,2.5434,2.5434,-3.0226
299792458000.0,4.3,0.9,0.9,0.07,0.05,0.27,79550000000.0,-12.686,2.1976,2.1976,-3.2992
299792458000.0,4.3,0.9,0.9,0.07,0.3,0.09,80050000000.0,-20.878,2.6094,2.6094,-2.7493
299792458000.0,4.3,0.9,0.9,0.07,0.15,0.09,78750000000.0,-13.86,2.1316,2.1316,-3.3034
299792458000.0,4.3,0.9,0.9,0.07,0.05,0.09,77850000000.0,-13.579,1.9776,1.9776,-3.464
299792458000.0,4.3,0.9,0.9,0.07,0.3,0.03,78800000000.0,-14.886,2.3638,2.3638,-3.0391
299792458000.0,4.3,0.9,0.9,0.07,0.15,0.03,78100000000.0,-13.138,2.1385,2.1385,-3.2956
299792458000.0,4.3,0.9,0.9,0.07,0.05,0.03,77750000000.0,-12.882,2.0567,2.0567,-3.3862
299792458000.0,4.3,0.9,0.9,0.09,0.3,0.27,85750000000.0,-26.161,3.6161,3.6161,-1.7632
299792458000.0,4.3,0.9,0.9,0.09,0.15,0.27,82450000000.0,-9.6091,2.804,2.804,-2.7181
299792458000.0,4.3,0.9,0.9,0.09,0.05,0.27,78850000000.0,-9.5628,2.5153,2.5153,-2.9356
299792458000.0,4.3,0.9,0.9,0.09,0.3,0.09,79900000000.0,-15.67,3.2221,3.2221,-2.1095
299792458000.0,4.3,0.9,0.9,0.09,0.15,0.09,78200000000.0,-10.379,2.5679,2.5679,-2.8305
299792458000.0,4.3,0.9,0.9,0.09,0.05,0.09,77150000000.0,-10.022,2.3836,2.3836,-3.0171
299792458000.0,4.3,0.9,0.9,0.09,0.3,0.03,78550000000.0,-11.595,2.8403,2.8403,-2.5311
299792458000.0,4.3,0.9,0.9,0.09,0.15,0.03,77600000000.0,-10.015,2.5061,2.5061,-2.8885
299792458000.0,4.3,0.9,0.9,0.09,0.05,0.03,77150000000.0,-9.7228,2.4232,2.4232,-2.9777
299792458000.0,4.3,0.9,1.0,0.05,0.3,0.27,83750000000.0,-7.7308,-0.37209,-0.37209,-5.9638
299792458000.0,4.3,0.9,1.0,0.05,0.15,0.27,83100000000.0,-25.094,2.1643,2.1643,-3.7349
299792458000.0,4.3,0.9,1.0,0.05,0.05,0.27,79850000000.0,-22.799,1.7576,1.7576,-4.1014
299792458000.0,4.3,0.9,1.0,0.05,0.3,0.09,80000000000.0,-25.983,1.6684,1.6684,-4.037
299792458000.0,4.3,0.9,1.0,0.05,0.15,0.09,79150000000.0,-26.036,1.5549,1.5549,-4.2426
299792458000.0,4.3,0.9,1.0,0.05,0.05,0.09,78350000000.0,-25.368,1.3926,1.3926,-4.4165
299792458000.0,4.3,0.9,1.0,0.05,0.3,0.03,78700000000.0,-25.358,1.3997,1.3997,-4.3626
299792458000.0,4.3,0.9,1.0,0.05,0.15,0.03,78200000000.0,-24.043000000000006,1.3171,1.3171,-4.4757
299792458000.0,4.3,0.9,1.0,0.05,0.05,0.03,77950000000.0,-24.799,1.3191,1.3191,-4.4828
299792458000.0,4.3,0.9,1.0,0.07,0.3,0.27,83250000000.0,-9.5449,2.055,2.055,-3.5527
299792458000.0,4.3,0.9,1.0,0.07,0.15,0.27,82100000000.0,-16.414,3.0449,3.0449,-2.8098
299792458000.0,4.3,0.9,1.0,0.07,0.05,0.27,79000000000.0,-14.825,2.6635,2.6635,-3.1564
299792458000.0,4.3,0.9,1.0,0.07,0.3,0.09,79350000000.0,-33.069,2.838,2.838,-2.8419
299792458000.0,4.3,0.9,1.0,0.07,0.15,0.09,78300000000.0,-16.3,2.5249,2.5249,-3.239
299792458000.0,4.3,0.9,1.0,0.07,0.05,0.09,77500000000.0,-15.531,2.3511,2.3511,-3.4271
299792458000.0,4.3,0.9,1.0,0.07,0.3,0.03,78300000000.0,-17.877,2.7302,2.7302,-3.004
299792458000.0,4.3,0.9,1.0,0.07,0.15,0.03,77700000000.0,-15.138,2.5195,2.5195,-3.2486
299792458000.0,4.3,0.9,1.0,0.07,0.05,0.03,77350000000.0,-14.685,2.4408,2.4408,-3.3375
299792458000.0,4.3,0.9,1.0,0.09,0.3,0.27,83000000000.0,-12.262,3.3584,3.3584,-2.2271
299792458000.0,4.3,0.9,1.0,0.09,0.15,0.27,81450000000.0,-12.1,3.3992,3.3992,-2.4139
299792458000.0,4.3,0.9,1.0,0.09,0.05,0.27,78300000000.0,-11.001,2.9909,2.9909,-2.7917
299792458000.0,4.3,0.9,1.0,0.09,0.3,0.09,79050000000.0,-21.011,3.5842,3.5842,-2.0631
299792458000.0,4.3,0.9,1.0,0.09,0.15,0.09,77700000000.0,-12.008,3.0177,3.0177,-2.7121
299792458000.0,4.3,0.9,1.0,0.09,0.05,0.09,76750000000.0,-11.307,2.8115,2.8115,-2.9293
299792458000.0,4.3,0.9,1.0,0.09,0.3,0.03,77950000000.0,-13.694,3.2996,3.2996,-2.3969
299792458000.0,4.3,0.9,1.0,0.09,0.15,0.03,77150000000.0,-11.409,2.9657,2.9657,-2.7646
299792458000.0,4.3,0.9,1.0,0.09,0.05,0.03,76750000000.0,-10.96,2.8576,2.8576,-2.8836
299792458000.0,4.3,0.9,1.1,0.05,0.3,0.27,82000000000.0,-5.8901,-2.0854,-2.0854,-7.8732
299792458000.0,4.3,0.9,1.1,0.05,0.15,0.27,82250000000.0,-32.534,2.4089,2.4089,-3.7842
299792458000.0,4.3,0.9,1.1,0.05,0.05,0.27,79450000000.0,-31.725,2.0566,2.0566,-4.1055
299792458000.0,4.3,0.9,1.1,0.05,0.3,0.09,79500000000.0,-19.567,1.6694,1.6694,-4.3247
299792458000.0,4.3,0.9,1.1,0.05,0.15,0.09,78800000000.0,-43.859,1.8415,1.8415,-4.2546
299792458000.0,4.3,0.9,1.1,0.05,0.05,0.09,78100000000.0,-35.815,1.7561,1.7561,-4.356
299792458000.0,4.3,0.9,1.1,0.05,0.3,0.03,78400000000.0,-38.171,1.6623,1.6623,-4.3983
299792458000.0,4.3,0.9,1.1,0.05,0.15,0.03,77950000000.0,-31.841,1.6663,1.6663,-4.4284
299792458000.0,4.3,0.9,1.1,0.05,0.05,0.03,77700000000.0,-33.135,1.5841,1.5841,-4.5183
299792458000.0,4.3,0.9,1.1,0.07,0.3,0.27,81400000000.0,-6.5956,0.88281,0.88281,-4.9476
299792458000.0,4.3,0.9,1.1,0.07,0.15,0.27,81250000000.0,-23.202,3.4282,3.4282,-2.7268
299792458000.0,4.3,0.9,1.1,0.07,0.05,0.27,78550000000.0,-17.581,3.0168,3.0168,-3.109
299792458000.0,4.3,0.9,1.1,0.07,0.3,0.09,78750000000.0,-27.77,3.0445,3.0445,-2.9208
299792458000.0,4.3,0.9,1.1,0.07,0.15,0.09,77900000000.0,-19.522,2.902,2.902,-3.1603
299792458000.0,4.3,0.9,1.1,0.07,0.05,0.09,77150000000.0,-17.939,2.7276,2.7276,-3.3492
299792458000.0,4.3,0.9,1.1,0.07,0.3,0.03,77900000000.0,-22.196,3.09,3.09,-2.9391
299792458000.0,4.3,0.9,1.1,0.07,0.15,0.03,77350000000.0,-17.625,2.8797,2.8797,-3.1868
299792458000.0,4.3,0.9,1.1,0.07,0.05,0.03,77050000000.0,-16.872,2.8385,2.8385,-3.2397
299792458000.0,4.3,0.9,1.1,0.09,0.3,0.27,80950000000.0,-7.8106,2.6062,2.6062,-3.1988
299792458000.0,4.3,0.9,1.1,0.09,0.15,0.27,80550000000.0,-15.655,3.8847,3.8847,-2.2224
299792458000.0,4.3,0.9,1.1,0.09,0.05,0.27,77800000000.0,-12.719,3.4362,3.4362,-2.6538
299792458000.0,4.3,0.9,1.1,0.09,0.3,0.09,78300000000.0,-35.437,3.824,3.824,-2.1044
299792458000.0,4.3,0.9,1.1,0.09,0.15,0.09,77250000000.0,-13.976,3.4307,3.4307,-2.6056
299792458000.0,4.3,0.9,1.1,0.09,0.05,0.09,76400000000.0,-12.787,3.2107,3.2107,-2.8417
299792458000.0,4.3,0.9,1.1,0.09,0.3,0.03,77450000000.0,-16.422,3.6738,3.6738,-2.3212
299792458000.0,4.3,0.9,1.1,0.09,0.15,0.03,76750000000.0,-13.028,3.3794,3.3794,-2.66
299792458000.0,4.3,0.9,1.1,0.09,0.05,0.03,76400000000.0,-12.353,3.269,3.269,-2.7833
299792458000.0,4.3,0.95,0.7,0.05,0.31667,0.285,93850000000.0,-12.69,1.221,1.221,-3.67
299792458000.0,4.3,0.95,0.7,0.05,0.15833,0.285,82600000000.0,-9.254,0.028903,0.028903,-4.6964
299792458000.0,4.3,0.95,0.7,0.05,0.052778,0.285,77550000000.0,-12.729,0.10567,0.10567,-4.4969
299792458000.0,4.3,0.95,0.7,0.05,0.31667,0.095,78300000000.0,-15.153,0.5865,0.5865,-3.9136
299792458000.0,4.3,0.95,0.7,0.05,0.15833,0.095,76650000000.0,-13.449000000000002,0.071684,0.071684,-4.4734
299792458000.0,4.3,0.95,0.7,0.05,0.052778,0.095,75550000000.0,-14.401,-0.024626,-0.024626,-4.5694
299792458000.0,4.3,0.95,0.7,0.05,0.31667,0.031667,75850000000.0,-13.638,-0.091059,-0.091059,-4.5982
299792458000.0,4.3,0.95,0.7,0.05,0.15833,0.031667,75200000000.0,-14.533,-0.22566,-0.22566,-4.7519
299792458000.0,4.3,0.95,0.7,0.05,0.052778,0.031667,74900000000.0,-15.294,-0.20658,-0.20658,-4.7392
299792458000.0,4.3,0.95,0.7,0.07,0.31667,0.285,95700000000.0,-9.3721,2.009,2.009,-2.9659
299792458000.0,4.3,0.95,0.7,0.07,0.15833,0.285,81750000000.0,-7.2351,0.64947,0.64947,-4.027
299792458000.0,4.3,0.95,0.7,0.07,0.052778,0.285,76950000000.0,-9.2432,0.8853,0.8853,-3.6702
299792458000.0,4.3,0.95,0.7,0.07,0.31667,0.095,78050000000.0,-11.443,1.475,1.475,-3.0095
299792458000.0,4.3,0.95,0.7,0.07,0.15833,0.095,75850000000.0,-10.018,0.8370700000000001,0.8370700000000001,-3.662
299792458000.0,4.3,0.95,0.7,0.07,0.052778,0.095,74800000000.0,-10.479,0.75981,0.75981,-3.7366
299792458000.0,4.3,0.95,0.7,0.07,0.31667,0.031667,76050000000.0,-10.238,1.1289,1.1289,-3.359
299792458000.0,4.3,0.95,0.7,0.07,0.15833,0.031667,75050000000.0,-9.8624,0.89951,0.89951,-3.5933
299792458000.0,4.3,0.95,0.7,0.07,0.052778,0.031667,74650000000.0,-9.9657,0.85,0.85,-3.646
299792458000.0,4.3,0.95,0.7,0.09,0.31667,0.285,110000000000.0,-5.1505,1.8032,1.8032,-5.3058
299792458000.0,4.3,0.95,0.7,0.09,0.15833,0.285,82950000000.0,-5.0412,0.36982,0.36982,-4.2789
299792458000.0,4.3,0.95,0.7,0.09,0.052778,0.285,76750000000.0,-6.937,1.045,1.045,-3.4707
299792458000.0,4.3,0.95,0.7,0.09,0.31667,0.095,78400000000.0,-9.0553,1.8722,1.8722,-2.6081
299792458000.0,4.3,0.95,0.7,0.09,0.15833,0.095,75250000000.0,-7.619,1.1505,1.1505,-3.3058
299792458000.0,4.3,0.95,0.7,0.09,0.052778,0.095,74050000000.0,-7.8852,1.0945,1.0945,-3.3526
299792458000.0,4.3,0.95,0.7,0.09,0.31667,0.031667,76050000000.0,-8.0593,1.4901,1.4901,-2.9664
299792458000.0,4.3,0.95,0.7,0.09,0.15833,0.031667,74700000000.0,-7.5735,1.1944,1.1944,-3.2575
299792458000.0,4.3,0.95,0.7,0.09,0.052778,0.031667,74150000000.0,-7.5779999999999985,1.161,1.161,-3.2893
299792458000.0,4.3,0.95,0.8,0.05,0.31667,0.285,86550000000.0,-36.644,1.4497,1.4497,-3.5858
299792458000.0,4.3,0.95,0.8,0.05,0.15833,0.285,81350000000.0,-11.852,0.76118,0.76118,-4.336
299792458000.0,4.3,0.95,0.8,0.05,0.052778,0.285,76950000000.0,-14.959,0.59545,0.59545,-4.4057
299792458000.0,4.3,0.95,0.8,0.05,0.31667,0.095,77450000000.0,-20.323,0.88174,0.88174,-3.9999
299792458000.0,4.3,0.95,0.8,0.05,0.15833,0.095,76150000000.0,-15.919,0.5149600000000001,0.5149600000000001,-4.4308
299792458000.0,4.3,0.95,0.8,0.05,0.052778,0.095,75150000000.0,-16.695,0.38535,0.38535,-4.5668
299792458000.0,4.3,0.95,0.8,0.05,0.31667,0.031667,75450000000.0,-15.974,0.27912,0.27912,-4.6322
299792458000.0,4.3,0.95,0.8,0.05,0.15833,0.031667,74850000000.0,-16.706,0.17607,0.17607,-4.7582
299792458000.0,4.3,0.95,0.8,0.05,0.052778,0.031667,74550000000.0,-17.547,0.12168,0.12168,-4.8213
299792458000.0,4.3,0.95,0.8,0.07,0.31667,0.285,86600000000.0,-17.590999999999998,2.6135,2.6135,-2.4474
299792458000.0,4.3,0.95,0.8,0.07,0.15833,0.285,80450000000.0,-9.1477,1.4716,1.4716,-3.5878
299792458000.0,4.3,0.95,0.8,0.07,0.052778,0.285,76250000000.0,-10.655,1.3795,1.3795,-3.5875
299792458000.0,4.3,0.95,0.8,0.07,0.31667,0.095,77100000000.0,-14.514,1.924,1.924,-2.9444
299792458000.0,4.3,0.95,0.8,0.07,0.15833,0.095,75350000000.0,-11.553,1.3126,1.3126,-3.5955
299792458000.0,4.3,0.95,0.8,0.07,0.052778,0.095,74350000000.0,-11.819,1.1794,1.1794,-3.7304
299792458000.0,4.3,0.95,0.8,0.07,0.31667,0.031667,75450000000.0,-11.994000000000002,1.5651,1.5651,-3.3222
299792458000.0,4.3,0.95,0.8,0.07,0.15833,0.031667,74600000000.0,-11.223,1.3247,1.3247,-3.5801
299792458000.0,4.3,0.95,0.8,0.07,0.052778,0.031667,74200000000.0,-11.246,1.2823,1.2823,-3.6277
299792458000.0,4.3,0.95,0.8,0.09,0.31667,0.285,87900000000.0,-12.514,3.1628,3.1628,-1.9309
299792458000.0,4.3,0.95,0.8,0.09,0.15833,0.285,79850000000.0,-7.1406,1.673,1.673,-3.3345
299792458000.0,4.3,0.95,0.8,0.09,0.052778,0.285,75600000000.0,-8.1005,1.6536,1.6536,-3.2662
299792458000.0,4.3,0.95,0.8,0.09,0.31667,0.095,77200000000.0,-11.361,2.4397,2.4397,-2.4099
299792458000.0,4.3,0.95,0.8,0.09,0.15833,0.095,74800000000.0,-8.7313,1.7128,1.7128,-3.1657
299792458000.0,4.3,0.95,0.8,0.09,0.052778,0.095,73650000000.0,-8.8255,1.5687,1.5687,-3.3027
299792458000.0,4.3,0.95,0.8,0.09,0.31667,0.031667,75350000000.0,-9.4288,2.0224,2.0224,-2.8445
299792458000.0,4.3,0.95,0.8,0.09,0.15833,0.031667,74200000000.0,-8.5863,1.7087,1.7087,-3.164
299792458000.0,4.3,0.95,0.8,0.09,0.052778,0.031667,73700000000.0,-8.5023,1.6389,1.6389,-3.2341
299792458000.0,4.3,0.95,0.9,0.05,0.31667,0.285,82850000000.0,-14.217,0.97177,0.97177,-4.2859
299792458000.0,4.3,0.95,0.9,0.05,0.15833,0.285,80250000000.0,-15.383,1.3122,1.3122,-4.1315
299792458000.0,4.3,0.95,0.9,0.05,0.052778,0.285,76400000000.0,-17.768,0.9437,0.9437,-4.4143
299792458000.0,4.3,0.95,0.9,0.05,0.31667,0.095,76750000000.0,-31.036,1.1258,1.1258,-4.0881
299792458000.0,4.3,0.95,0.9,0.05,0.15833,0.095,75700000000.0,-19.086,0.8637799999999999,0.8637799999999999,-4.4324
299792458000.0,4.3,0.95,0.9,0.05,0.052778,0.095,74800000000.0,-19.603,0.7345,0.7345,-4.5681
299792458000.0,4.3,0.95,0.9,0.05,0.31667,0.031667,75100000000.0,-18.939,0.6735,0.6735,-4.5826
299792458000.0,4.3,0.95,0.9,0.05,0.15833,0.031667,74550000000.0,-19.48,0.49862,0.49862,-4.7845
299792458000.0,4.3,0.95,0.9,0.05,0.052778,0.031667,74300000000.0,-20.471,0.48767,0.48767,-4.8043
299792458000.0,4.3,0.95,0.9,0.07,0.31667,0.285,82600000000.0,-21.589,2.5938,2.5938,-2.6817
299792458000.0,4.3,0.95,0.9,0.07,0.15833,0.285,79350000000.0,-11.478,2.1122,2.1122,-3.2903
299792458000.0,4.3,0.95,0.9,0.07,0.052778,0.285,75650000000.0,-12.26,1.8281,1.8281,-3.4904
299792458000.0,4.3,0.95,0.9,0.07,0.31667,0.095,76300000000.0,-18.729,2.2475,2.2475,-2.9489
299792458000.0,4.3,0.95,0.9,0.07,0.15833,0.095,74900000000.0,-13.335,1.7759,1.7759,-3.4885
299792458000.0,4.3,0.95,0.9,0.07,0.052778,0.095,74000000000.0,-13.334,1.6339,1.6339,-3.6356
299792458000.0,4.3,0.95,0.9,0.07,0.31667,0.031667,74950000000.0,-14.062,2.0256,2.0256,-3.2103
299792458000.0,4.3,0.95,0.9,0.07,0.15833,0.031667,74200000000.0,-12.726,1.763,1.763,-3.4981
299792458000.0,4.3,0.95,0.9,0.07,0.052778,0.031667,73850000000.0,-12.616,1.7069,1.7069,-3.5626
299792458000.0,4.3,0.95,0.9,0.09,0.31667,0.285,82900000000.0,-31.77,3.4621,3.4621,-1.8128
299792458000.0,4.3,0.95,0.9,0.09,0.15833,0.285,78750000000.0,-8.8371,2.4043,2.4043,-2.9617
299792458000.0,4.3,0.95,0.9,0.09,0.052778,0.285,75050000000.0,-9.2388,2.1874,2.1874,-3.0945
299792458000.0,4.3,0.95,0.9,0.09,0.31667,0.095,76200000000.0,-14.263,2.8875,2.8875,-2.2906
299792458000.0,4.3,0.95,0.9,0.09,0.15833,0.095,74300000000.0,-9.991,2.1975,2.1975,-3.0287
299792458000.0,4.3,0.95,0.9,0.09,0.052778,0.095,73300000000.0,-9.8688,2.0261,2.0261,-3.2012
299792458000.0,4.3,0.95,0.9,0.09,0.31667,0.031667,74800000000.0,-10.996,2.5268,2.5268,-2.6788
299792458000.0,4.3,0.95,0.9,0.09,0.15833,0.031667,73800000000.0,-9.6804,2.188,2.188,-3.0372
299792458000.0,4.3,0.95,0.9,0.09,0.052778,0.031667,73350000000.0,-9.4795,2.0971,2.0971,-3.1331
299792458000.0,4.3,0.95,1.0,0.05,0.31667,0.285,80400000000.0,-9.1167,-0.21943,-0.21943,-5.6967
299792458000.0,4.3,0.95,1.0,0.05,0.15833,0.285,79300000000.0,-20.995,1.7153,1.7153,-4.0325
299792458000.0,4.3,0.95,1.0,0.05,0.052778,0.285,75950000000.0,-21.638,1.3551,1.3551,-4.3447
299792458000.0,4.3,0.95,1.0,0.05,0.31667,0.095,76200000000.0,-29.736,1.3085,1.3085,-4.2435
299792458000.0,4.3,0.95,1.0,0.05,0.15833,0.095,75300000000.0,-23.696,1.1813,1.1813,-4.4587
299792458000.0,4.3,0.95,1.0,0.05,0.052778,0.095,74500000000.0,-23.65,1.0377,1.0377,-4.6162
299792458000.0,4.3,0.95,1.0,0.05,0.31667,0.031667,74750000000.0,-23.037,0.93226,0.93226,-4.6736
299792458000.0,4.3,0.95,1.0,0.05,0.15833,0.031667,74250000000.0,-23.236,0.82594,0.82594,-4.8089
299792458000.0,4.3,0.95,1.0,0.05,0.052778,0.031667,74000000000.0,-24.547,0.8560200000000001,0.8560200000000001,-4.789
299792458000.0,4.3,0.95,1.0,0.07,0.31667,0.285,80050000000.0,-11.524,2.1715,2.1715,-3.3348
299792458000.0,4.3,0.95,1.0,0.07,0.15833,0.285,78400000000.0,-14.59,2.6258,2.6258,-3.0864
299792458000.0,4.3,0.95,1.0,0.07,0.052778,0.285,75200000000.0,-14.165,2.2661,2.2661,-3.3987
299792458000.0,4.3,0.95,1.0,0.07,0.31667,0.095,75600000000.0,-26.087,2.5001,2.5001,-3.0292
299792458000.0,4.3,0.95,1.0,0.07,0.15833,0.095,74450000000.0,-15.469,2.1288,2.1288,-3.4791
299792458000.0,4.3,0.95,1.0,0.07,0.052778,0.095,73650000000.0,-15.107,1.9694,1.9694,-3.6488
299792458000.0,4.3,0.95,1.0,0.07,0.31667,0.031667,74500000000.0,-16.601,2.3556,2.3556,-3.2257
299792458000.0,4.3,0.95,1.0,0.07,0.15833,0.031667,73850000000.0,-14.512,2.1576,2.1576,-3.4528
299792458000.0,4.3,0.95,1.0,0.07,0.052778,0.031667,73500000000.0,-14.254,2.0621,2.0621,-3.5563
299792458000.0,4.3,0.95,1.0,0.09,0.31667,0.285,79950000000.0,-15.414,3.3274,3.3274,-2.1626
299792458000.0,4.3,0.95,1.0,0.09,0.15833,0.285,77800000000.0,-10.948,3.0155,3.0155,-2.6583
299792458000.0,4.3,0.95,1.0,0.09,0.052778,0.285,74500000000.0,-10.53,2.6352,2.6352,-2.9942
299792458000.0,4.3,0.95,1.0,0.09,0.31667,0.095,75350000000.0,-18.329,3.2273,3.2273,-2.2774
299792458000.0,4.3,0.95,1.0,0.09,0.15833,0.095,73900000000.0,-11.435,2.6644,2.6644,-2.9166
299792458000.0,4.3,0.95,1.0,0.09,0.052778,0.095,72950000000.0,-11.028,2.4676,2.4676,-3.1212
299792458000.0,4.3,0.95,1.0,0.09,0.31667,0.031667,74250000000.0,-12.833,2.9552,2.9552,-2.5971
299792458000.0,4.3,0.95,1.0,0.09,0.15833,0.031667,73350000000.0,-10.939,2.6119,2.6119,-2.9705
299792458000.0,4.3,0.95,1.0,0.09,0.052778,0.031667,72950000000.0,-10.608,2.5372,2.5372,-3.0532
299792458000.0,4.3,0.95,1.1,0.05,0.31667,0.285,78650000000.0,-6.8128,-1.8699,-1.8699,-7.5364
299792458000.0,4.3,0.95,1.1,0.05,0.15833,0.285,78450000000.0,-37.477,1.9834,1.9834,-4.0432
299792458000.0,4.3,0.95,1.1,0.05,0.052778,0.285,75550000000.0,-28.251,1.614,1.614,-4.3681
299792458000.0,4.3,0.95,1.1,0.05,0.31667,0.095,75700000000.0,-21.22,1.3882,1.3882,-4.4351
299792458000.0,4.3,0.95,1.1,0.05,0.15833,0.095,74950000000.0,-32.806999999999995,1.5255,1.5255,-4.3943
299792458000.0,4.3,0.95,1.1,0.05,0.052778,0.095,74250000000.0,-30.731,1.3651,1.3651,-4.5682
299792458000.0,4.3,0.95,1.1,0.05,0.31667,0.031667,74450000000.0,-30.003,1.1664,1.1664,-4.7174
299792458000.0,4.3,0.95,1.1,0.05,0.15833,0.031667,74000000000.0,-29.266,1.1894,1.1894,-4.7238
299792458000.0,4.3,0.95,1.1,0.05,0.052778,0.031667,73800000000.0,-31.563,1.1251,1.1251,-4.7982
299792458000.0,4.3,0.95,1.1,0.07,0.31667,0.285,78150000000.0,-7.7946,1.1925,1.1925,-4.5143
299792458000.0,4.3,0.95,1.1,0.07,0.15833,0.285,77600000000.0,-19.302,3.0437,3.0437,-2.9485
299792458000.0,4.3,0.95,1.1,0.07,0.052778,0.285,74750000000.0,-16.527,2.6409,2.6409,-3.3132
299792458000.0,4.3,0.95,1.1,0.07,0.31667,0.095,75050000000.0,-38.706,2.7675,2.7675,-3.0355
299792458000.0,4.3,0.95,1.1,0.07,0.15833,0.095,74100000000.0,-18.168,2.5177,2.5177,-3.3751
299792458000.0,4.3,0.95,1.1,0.07,0.052778,0.095,73350000000.0,-17.236,2.3186,2.3186,-3.5852
299792458000.0,4.3,0.95,1.1,0.07,0.31667,0.031667,74100000000.0,-19.964,2.7168,2.7168,-3.1439
299792458000.0,4.3,0.95,1.1,0.07,0.15833,0.031667,73500000000.0,-16.659000000000002,2.4813,2.4813,-3.4127
299792458000.0,4.3,0.95,1.1,0.07,0.052778,0.031667,73250000000.0,-16.189,2.4341,2.4341,-3.471
299792458000.0,4.3,0.95,1.1,0.09,0.31667,0.285,77850000000.0,-9.4495,2.7356,2.7356,-2.9539
299792458000.0,4.3,0.95,1.1,0.09,0.15833,0.285,76950000000.0,-13.763,3.5314,3.5314,-2.418
299792458000.0,4.3,0.95,1.1,0.09,0.052778,0.285,74050000000.0,-12.035,3.0903,3.0903,-2.8253
299792458000.0,4.3,0.95,1.1,0.09,0.31667,0.095,74650000000.0,-25.523000000000003,3.5028,3.5028,-2.27
299792458000.0,4.3,0.95,1.1,0.09,0.15833,0.095,73500000000.0,-13.13,3.0484,3.0484,-2.8163
299792458000.0,4.3,0.95,1.1,0.09,0.052778,0.095,72650000000.0,-12.345999999999998,2.8423,2.8423,-3.0342
299792458000.0,4.3,0.95,1.1,0.09,0.31667,0.031667,73750000000.0,-15.118,3.3421,3.3421,-2.4905
299792458000.0,4.3,0.95,1.1,0.09,0.15833,0.031667,73000000000.0,-12.359000000000002,3.0519,3.0519,-2.8137
299792458000.0,4.3,0.95,1.1,0.09,0.052778,0.031667,72650000000.0,-11.85,2.9233,2.9233,-2.9536
299792458000.0,4.3,1.0,0.7,0.05,0.33333,0.3,93400000000.0,-11.55,0.75332,0.75332,-4.1542
299792458000.0,4.3,1.0,0.7,0.05,0.16667,0.3,78950000000.0,-8.7596,-0.48012,-0.48012,-5.0641
299792458000.0,4.3,1.0,0.7,0.05,0.055556,0.3,73950000000.0,-12.669,-0.22399,-0.22399,-4.6818
299792458000.0,4.3,1.0,0.7,0.05,0.33333,0.1,74700000000.0,-14.106,0.2006,0.2006,-4.1637
299792458000.0,4.3,1.0,0.7,0.05,0.16667,0.1,72950000000.0,-13.441,-0.33036,-0.33036,-4.7324
299792458000.0,4.3,1.0,0.7,0.05,0.055556,0.1,71900000000.0,-14.735,-0.39308,-0.39308,-4.7968
299792458000.0,4.3,1.0,0.7,0.05,0.33333,0.033333,72100000000.0,-13.408,-0.54594,-0.54594,-4.9124
299792458000.0,4.3,1.0,0.7,0.05,0.16667,0.033333,71500000000.0,-14.674,-0.68121,-0.68121,-5.0652
299792458000.0,4.3,1.0,0.7,0.05,0.055556,0.033333,71250000000.0,-15.614,-0.63598,-0.63598,-5.0277
299792458000.0,4.3,1.0,0.7,0.07,0.33333,0.3,110000000000.0,-7.6659,1.5522,1.5522,-5.4372
299792458000.0,4.3,1.0,0.7,0.07,0.16667,0.3,79800000000.0,-5.9877,-0.23917,-0.23917,-4.8138
299792458000.0,4.3,1.0,0.7,0.07,0.055556,0.3,73800000000.0,-8.9205,0.51369,0.51369,-3.9178
299792458000.0,4.3,1.0,0.7,0.07,0.33333,0.1,74600000000.0,-10.937,1.1828,1.1828,-3.1712
299792458000.0,4.3,1.0,0.7,0.07,0.16667,0.1,72350000000.0,-9.757,0.5289699999999999,0.5289699999999999,-3.8321
299792458000.0,4.3,1.0,0.7,0.07,0.055556,0.1,71300000000.0,-10.3,0.47487,0.47487,-3.8825
299792458000.0,4.3,1.0,0.7,0.07,0.33333,0.033333,72450000000.0,-9.9257,0.78843,0.78843,-3.5599
299792458000.0,4.3,1.0,0.7,0.07,0.16667,0.033333,71450000000.0,-9.7518,0.56198,0.56198,-3.7902
299792458000.0,4.3,1.0,0.7,0.07,0.055556,0.033333,71050000000.0,-9.9415,0.56899,0.56899,-3.7855
299792458000.0,4.3,1.0,0.7,0.09,0.33333,0.3,110000000000.0,-6.674,1.8644,1.8644,-5.154
299792458000.0,4.3,1.0,0.7,0.09,0.16667,0.3,78700000000.0,-4.9383,0.027639,0.027639,-4.464
299792458000.0,4.3,1.0,0.7,0.09,0.055556,0.3,73050000000.0,-6.8789,0.78099,0.78099,-3.594
299792458000.0,4.3,1.0,0.7,0.09,0.33333,0.1,75000000000.0,-8.5823,1.5952,1.5952,-2.7594
299792458000.0,4.3,1.0,0.7,0.09,0.16667,0.1,71600000000.0,-7.5139,0.8156899999999999,0.8156899999999999,-3.5026
299792458000.0,4.3,1.0,0.7,0.09,0.055556,0.1,70450000000.0,-7.9038,0.77187,0.77187,-3.5377
299792458000.0,4.3,1.0,0.7,0.09,0.33333,0.033333,72500000000.0,-7.8092,1.19,1.19,-3.133
299792458000.0,4.3,1.0,0.7,0.09,0.16667,0.033333,71150000000.0,-7.4618,0.92462,0.92462,-3.3923
299792458000.0,4.3,1.0,0.7,0.09,0.055556,0.033333,70600000000.0,-7.5234,0.8859299999999999,0.8859299999999999,-3.429
299792458000.0,4.3,1.0,0.8,0.05,0.33333,0.3,84300000000.0,-21.72,1.2041,1.2041,-3.7562
299792458000.0,4.3,1.0,0.8,0.05,0.16667,0.3,77800000000.0,-11.092,0.31668,0.31668,-4.6512
299792458000.0,4.3,1.0,0.8,0.05,0.055556,0.3,73350000000.0,-14.784,0.17362,0.17362,-4.6819
299792458000.0,4.3,1.0,0.8,0.05,0.33333,0.1,73900000000.0,-18.394,0.54652,0.54652,-4.1976
299792458000.0,4.3,1.0,0.8,0.05,0.16667,0.1,72500000000.0,-15.739,0.038492,0.038492,-4.7563
299792458000.0,4.3,1.0,0.8,0.05,0.055556,0.1,71550000000.0,-16.97,-0.060477,-0.060477,-4.8561
299792458000.0,4.3,1.0,0.8,0.05,0.33333,0.033333,71800000000.0,-15.537,-0.13330999999999998,-0.13330999999999998,-4.8872
299792458000.0,4.3,1.0,0.8,0.05,0.16667,0.033333,71200000000.0,-16.777,-0.28327,-0.28327,-5.0578
299792458000.0,4.3,1.0,0.8,0.05,0.055556,0.033333,70950000000.0,-17.86,-0.24397,-0.24397,-5.0264
299792458000.0,4.3,1.0,0.8,0.07,0.33333,0.3,84600000000.0,-14.193,2.2945,2.2945,-2.7021
299792458000.0,4.3,1.0,0.8,0.07,0.16667,0.3,77000000000.0,-8.55,1.0777,1.0777,-3.8507
299792458000.0,4.3,1.0,0.8,0.07,0.055556,0.3,72700000000.0,-10.45,1.0411,1.0411,-3.7773
299792458000.0,4.3,1.0,0.8,0.07,0.33333,0.1,73650000000.0,-13.763,1.626,1.626,-3.0988
299792458000.0,4.3,1.0,0.8,0.07,0.16667,0.1,71900000000.0,-11.183,1.0378,1.0378,-3.7227
299792458000.0,4.3,1.0,0.8,0.07,0.055556,0.1,70900000000.0,-11.555,0.91609,0.91609,-3.8397
299792458000.0,4.3,1.0,0.8,0.07,0.33333,0.033333,71900000000.0,-11.539,1.2617,1.2617,-3.4722
299792458000.0,4.3,1.0,0.8,0.07,0.16667,0.033333,71050000000.0,-11.025,1.0262,1.0262,-3.7232
299792458000.0,4.3,1.0,0.8,0.07,0.055556,0.033333,70650000000.0,-11.145,0.95055,0.95055,-3.8013
299792458000.0,4.3,1.0,0.8,0.09,0.33333,0.3,86550000000.0,-10.684,2.7865,2.7865,-2.27
299792458000.0,4.3,1.0,0.8,0.09,0.16667,0.3,76400000000.0,-6.6738,1.2526,1.2526,-3.6283
299792458000.0,4.3,1.0,0.8,0.09,0.055556,0.3,72100000000.0,-7.9245,1.3588,1.3588,-3.4067
299792458000.0,4.3,1.0,0.8,0.09,0.33333,0.1,73800000000.0,-10.681,2.1399,2.1399,-2.5728
299792458000.0,4.3,1.0,0.8,0.09,0.16667,0.1,71250000000.0,-8.5405,1.3796,1.3796,-3.3366
299792458000.0,4.3,1.0,0.8,0.09,0.055556,0.1,70150000000.0,-8.7839,1.2671,1.2671,-3.4399
299792458000.0,4.3,1.0,0.8,0.09,0.33333,0.033333,71900000000.0,-9.0773,1.7435,1.7435,-2.9711
299792458000.0,4.3,1.0,0.8,0.09,0.16667,0.033333,70700000000.0,-8.4105,1.4099,1.4099,-3.3009
299792458000.0,4.3,1.0,0.8,0.09,0.055556,0.033333,70200000000.0,-8.3942,1.3583,1.3583,-3.3513
299792458000.0,4.3,1.0,0.9,0.05,0.33333,0.3,80050000000.0,-18.051,0.97597,0.97597,-4.1757
299792458000.0,4.3,1.0,0.9,0.05,0.16667,0.3,76750000000.0,-14.12,0.8809100000000001,0.8809100000000001,-4.4085
299792458000.0,4.3,1.0,0.9,0.05,0.055556,0.3,72850000000.0,-17.378,0.58635,0.58635,-4.6159
299792458000.0,4.3,1.0,0.9,0.05,0.33333,0.1,73250000000.0,-25.433000000000003,0.73144,0.73144,-4.3321
299792458000.0,4.3,1.0,0.9,0.05,0.16667,0.1,72100000000.0,-18.624,0.44694,0.44694,-4.6946
299792458000.0,4.3,1.0,0.9,0.05,0.055556,0.1,71200000000.0,-19.776,0.28676,0.28676,-4.8589
299792458000.0,4.3,1.0,0.9,0.05,0.33333,0.033333,71450000000.0,-18.125,0.15615,0.15615,-4.9449
299792458000.0,4.3,1.0,0.9,0.05,0.16667,0.033333,70950000000.0,-19.321,0.1155,0.1155,-5.0114
299792458000.0,4.3,1.0,0.9,0.05,0.055556,0.033333,70700000000.0,-20.646,0.04903,0.04903,-5.0855
299792458000.0,4.3,1.0,0.9,0.07,0.33333,0.3,79950000000.0,-37.872,2.4982,2.4982,-2.6779
299792458000.0,4.3,1.0,0.9,0.07,0.16667,0.3,75950000000.0,-10.608,1.7369,1.7369,-3.5198
299792458000.0,4.3,1.0,0.9,0.07,0.055556,0.3,72200000000.0,-11.934,1.4995,1.4995,-3.663
299792458000.0,4.3,1.0,0.9,0.07,0.33333,0.1,72900000000.0,-17.480999999999998,2.0088,2.0088,-3.0421
299792458000.0,4.3,1.0,0.9,0.07,0.16667,0.1,71450000000.0,-12.822,1.4353,1.4353,-3.6724
299792458000.0,4.3,1.0,0.9,0.07,0.055556,0.1,70550000000.0,-12.965,1.2859,1.2859,-3.8255
299792458000.0,4.3,1.0,0.9,0.07,0.33333,0.033333,71450000000.0,-13.406,1.651,1.651,-3.4315
299792458000.0,4.3,1.0,0.9,0.07,0.16667,0.033333,70700000000.0,-12.404000000000002,1.4158,1.4158,-3.6881
299792458000.0,4.3,1.0,0.9,0.07,0.055556,0.033333,70350000000.0,-12.422,1.3551,1.3551,-3.7554
299792458000.0,4.3,1.0,0.9,0.09,0.33333,0.3,80450000000.0,-20.498,3.2189,3.2189,-1.9702
299792458000.0,4.3,1.0,0.9,0.09,0.16667,0.3,75350000000.0,-8.2053,2.0067,2.0067,-3.2105
299792458000.0,4.3,1.0,0.9,0.09,0.055556,0.3,71550000000.0,-8.9825,1.8462,1.8462,-3.2841
299792458000.0,4.3,1.0,0.9,0.09,0.33333,0.1,72850000000.0,-13.233,2.5929,2.5929,-2.4451
299792458000.0,4.3,1.0,0.9,0.09,0.16667,0.1,70850000000.0,-9.6936,1.8771,1.8771,-3.1986
299792458000.0,4.3,1.0,0.9,0.09,0.055556,0.1,69800000000.0,-9.7515,1.7009,1.7009,-3.372
299792458000.0,4.3,1.0,0.9,0.09,0.33333,0.033333,71350000000.0,-10.512,2.2108,2.2108,-2.846
299792458000.0,4.3,1.0,0.9,0.09,0.16667,0.033333,70300000000.0,-9.4181,1.8707,1.8707,-3.2023
299792458000.0,4.3,1.0,0.9,0.09,0.055556,0.033333,69900000000.0,-9.3006,1.8127,1.8127,-3.2655
299792458000.0,4.3,1.0,1.0,0.05,0.33333,0.3,77450000000.0,-10.735,-0.097914,-0.097914,-5.4639
299792458000.0,4.3,1.0,1.0,0.05,0.16667,0.3,75850000000.0,-18.534,1.3313,1.3313,-4.2823
299792458000.0,4.3,1.0,1.0,0.05,0.055556,0.3,72400000000.0,-20.853,0.88918,0.88918,-4.6462
299792458000.0,4.3,1.0,1.0,0.05,0.33333,0.1,72700000000.0,-43.154,0.8731200000000001,0.8731200000000001,-4.509
299792458000.0,4.3,1.0,1.0,0.05,0.16667,0.1,71750000000.0,-22.61,0.73897,0.73897,-4.7329
299792458000.0,4.3,1.0,1.0,0.05,0.055556,0.1,70950000000.0,-23.627,0.65552,0.65552,-4.8237
299792458000.0,4.3,1.0,1.0,0.05,0.33333,0.033333,71200000000.0,-21.53,0.50345,0.50345,-4.9255
299792458000.0,4.3,1.0,1.0,0.05,0.16667,0.033333,70700000000.0,-22.74,0.37607,0.37607,-5.0821
299792458000.0,4.3,1.0,1.0,0.05,0.055556,0.033333,70450000000.0,-24.52,0.33132,0.33132,-5.1356
299792458000.0,4.3,1.0,1.0,0.07,0.33333,0.3,77200000000.0,-14.005999999999998,2.1096,2.1096,-3.2882
299792458000.0,4.3,1.0,1.0,0.07,0.16667,0.3,75050000000.0,-13.239,2.2752,2.2752,-3.3107
299792458000.0,4.3,1.0,1.0,0.07,0.055556,0.3,71700000000.0,-13.665,1.8946,1.8946,-3.6087
299792458000.0,4.3,1.0,1.0,0.07,0.33333,0.1,72250000000.0,-23.269,2.2544,2.2544,-3.1105
299792458000.0,4.3,1.0,1.0,0.07,0.16667,0.1,71050000000.0,-14.751,1.8616,1.8616,-3.5803
299792458000.0,4.3,1.0,1.0,0.07,0.055556,0.1,70250000000.0,-14.587,1.6705,1.6705,-3.7769
299792458000.0,4.3,1.0,1.0,0.07,0.33333,0.033333,71050000000.0,-15.630999999999998,2.0572,2.0572,-3.3524
299792458000.0,4.3,1.0,1.0,0.07,0.16667,0.033333,70350000000.0,-14.035,1.7785,1.7785,-3.6585
299792458000.0,4.3,1.0,1.0,0.07,0.055556,0.033333,70050000000.0,-13.942,1.7564,1.7564,-3.6889
299792458000.0,4.3,1.0,1.0,0.09,0.33333,0.3,77200000000.0,-20.068,3.217,3.217,-2.1805
299792458000.0,4.3,1.0,1.0,0.09,0.16667,0.3,74450000000.0,-10.044,2.6251,2.6251,-2.9233
299792458000.0,4.3,1.0,1.0,0.09,0.055556,0.3,71100000000.0,-10.162,2.3252,2.3252,-3.1431
299792458000.0,4.3,1.0,1.0,0.09,0.33333,0.1,72050000000.0,-16.581,2.9675,2.9675,-2.3785
299792458000.0,4.3,1.0,1.0,0.09,0.16667,0.1,70450000000.0,-10.997,2.299,2.299,-3.115
299792458000.0,4.3,1.0,1.0,0.09,0.055556,0.1,69500000000.0,-10.821,2.1004,2.1004,-3.313
299792458000.0,4.3,1.0,1.0,0.09,0.33333,0.033333,70850000000.0,-12.156,2.647,2.647,-2.7402
299792458000.0,4.3,1.0,1.0,0.09,0.16667,0.033333,69950000000.0,-10.569,2.3158,2.3158,-3.0954
299792458000.0,4.3,1.0,1.0,0.09,0.055556,0.033333,69550000000.0,-10.341,2.202,2.202,-3.215
299792458000.0,4.3,1.0,1.1,0.05,0.33333,0.3,75600000000.0,-7.8164,-1.558,-1.558,-7.1172
299792458000.0,4.3,1.0,1.1,0.05,0.16667,0.3,75050000000.0,-27.04,1.6707,1.6707,-4.2082
299792458000.0,4.3,1.0,1.1,0.05,0.055556,0.3,72050000000.0,-26.227,1.2761,1.2761,-4.5496
299792458000.0,4.3,1.0,1.1,0.05,0.33333,0.1,72200000000.0,-24.732,0.99308,0.99308,-4.6805
299792458000.0,4.3,1.0,1.1,0.05,0.16667,0.1,71400000000.0,-29.398000000000003,0.97815,0.97815,-4.7865
299792458000.0,4.3,1.0,1.1,0.05,0.055556,0.1,70700000000.0,-30.064,0.8901600000000001,0.8901600000000001,-4.8847
299792458000.0,4.3,1.0,1.1,0.05,0.33333,0.033333,70900000000.0,-26.609,0.77785,0.77785,-4.9503
299792458000.0,4.3,1.0,1.1,0.05,0.16667,0.033333,70450000000.0,-27.885,0.63048,0.63048,-5.1252
299792458000.0,4.3,1.0,1.1,0.05,0.055556,0.033333,70250000000.0,-30.938,0.6450899999999999,0.6450899999999999,-5.1191
299792458000.0,4.3,1.0,1.1,0.07,0.33333,0.3,75200000000.0,-9.1449,1.3307,1.3307,-4.2686
299792458000.0,4.3,1.0,1.1,0.07,0.16667,0.3,74250000000.0,-16.914,2.6822,2.6822,-3.1622
299792458000.0,4.3,1.0,1.1,0.07,0.055556,0.3,71300000000.0,-15.746,2.2694,2.2694,-3.5294
299792458000.0,4.3,1.0,1.1,0.07,0.33333,0.1,71700000000.0,-40.225,2.4516,2.4516,-3.2043
299792458000.0,4.3,1.0,1.1,0.07,0.16667,0.1,70700000000.0,-17.113,2.1723,2.1723,-3.5699
299792458000.0,4.3,1.0,1.1,0.07,0.055556,0.1,69950000000.0,-16.498,2.0431,2.0431,-3.7112
299792458000.0,4.3,1.0,1.1,0.07,0.33333,0.033333,70650000000.0,-18.437,2.325,2.325,-3.3846
299792458000.0,4.3,1.0,1.1,0.07,0.16667,0.033333,70050000000.0,-15.941,2.1636,2.1636,-3.5795
299792458000.0,4.3,1.0,1.1,0.07,0.055556,0.033333,69750000000.0,-15.688,2.0645,2.0645,-3.6871
299792458000.0,4.3,1.0,1.1,0.09,0.33333,0.3,75000000000.0,-11.382,2.8773,2.8773,-2.7147
299792458000.0,4.3,1.0,1.1,0.09,0.16667,0.3,73650000000.0,-12.385,3.1446,3.1446,-2.6659
299792458000.0,4.3,1.0,1.1,0.09,0.055556,0.3,70650000000.0,-11.513,2.7264,2.7264,-3.0373
299792458000.0,4.3,1.0,1.1,0.09,0.33333,0.1,71400000000.0,-21.658,3.2133,3.2133,-2.4199
299792458000.0,4.3,1.0,1.1,0.09,0.16667,0.1,70100000000.0,-12.498,2.7263,2.7263,-2.9858
299792458000.0,4.3,1.0,1.1,0.09,0.055556,0.1,69250000000.0,-12.022,2.5016,2.5016,-3.2192
299792458000.0,4.3,1.0,1.1,0.09,0.33333,0.033333,70400000000.0,-14.135,3.015,3.015,-2.6687
299792458000.0,4.3,1.0,1.1,0.09,0.16667,0.033333,69600000000.0,-11.848,2.6875,2.6875,-3.0254
299792458000.0,4.3,1.0,1.1,0.09,0.055556,0.033333,69250000000.0,-11.472,2.6013,2.6013,-3.1212
