copper_height,f_max,f_min,feed_depth,feed_gap_width,feed_width,l3horizontal,l3vertical,patch_length,patch_width,permittivity,realized_gain,resonance,s11,substrate_height
0.035,,,0.26667,0.24,0.07,-2.7871,2.3147,0.8,0.7,4.3,2.3147,101.1,-32.387,0.05
0.035,,,0.13333,0.24,0.07,-3.6963,1.4896,0.8,0.7,4.3,1.4896,95.75,-11.468,0.05
0.035,,,0.044444,0.24,0.07,-3.7964,1.304,0.8,0.7,4.3,1.304,90.95,-13.373,0.05
0.035,,,0.26667,0.08,0.07,-3.3867,1.5957,0.8,0.7,4.3,1.5957,91.4,-18.59,0.05
0.035,,,0.13333,0.08,0.07,-3.8426,1.1996,0.8,0.7,4.3,1.1996,89.9,-14.74,0.05
0.035,,,0.044444,0.08,0.07,-3.9758,1.0763,0.8,0.7,4.3,1.0763,88.85,-15.064,0.05
0.035,,,0.26667,0.026667000000000003,0.07,-3.7931,1.2238,0.8,0.7,4.3,1.2238,89.5,-14.788,0.05
0.035,,,0.13333,0.026667000000000003,0.07,-3.9627,1.0765,0.8,0.7,4.3,1.0765,88.75,-14.4,0.05
0.035,,,0.044444,0.026667000000000003,0.07,-4.0117,1.0366,0.8,0.7,4.3,1.0366,88.4,-14.6,0.05
0.035,,,0.26667,0.24,0.1,-1.8805,3.2325,0.8,0.7,4.3,3.2325,101.0,-16.634,0.07
0.035,,,0.13333,0.24,0.1,-3.0982,2.0277,0.8,0.7,4.3,2.0277,94.6,-9.0327,0.07
0.035,,,0.044444,0.24,0.1,-3.1381,1.9195,0.8,0.7,4.3,1.9195,90.05,-9.9237,0.07
0.035,,,0.26667,0.08,0.1,-2.5116,2.4417,0.8,0.7,4.3,2.4417,90.9,-13.798,0.07
0.035,,,0.13333,0.08,0.1,-3.1075,1.8925,0.8,0.7,4.3,1.8925,88.95,-10.843,0.07
0.035,,,0.044444,0.08,0.1,-3.2467,1.758,0.8,0.7,4.3,1.758,87.85,-10.845,0.07
0.035,,,0.26667,0.026667000000000003,0.1,-2.8174,2.1626,0.8,0.7,4.3,2.1626,89.3,-11.494000000000002,0.07
0.035,,,0.13333,0.026667000000000003,0.1,-3.0904,1.912,0.8,0.7,4.3,1.912,88.35,-10.403,0.07
0.035,,,0.044444,0.026667000000000003,0.1,"-3.1491""",1.86,0.8,0.7,4.3,1.86,87.9,-10.217,0.07
0.035,,,0.26667,0.24,0.14,-1.5444,3.6013,0.8,0.7,4.3,3.6013,102.6,-11.675999999999998,0.09
0.035,,,0.13333,0.24,0.14,-2.954,2.1029,0.8,0.7,4.3,2.1029,93.9,-7.0664,0.09
0.035,,,0.044444,0.24,0.14,-2.9356,2.0525,0.8,0.7,4.3,2.0525,89.3,-7.632999999999999,0.09
0.035,,,0.26667,0.08,0.14,-2.0259,2.8994,0.8,0.7,4.3,2.8994,91.05,-11.084,0.09
0.035,,,0.13333,0.08,0.14,-2.7765,2.1757,0.8,0.7,4.3,2.1757,88.55,-8.2547,0.09
0.035,,,0.044444,0.08,0.14,-2.9145,2.0373,0.8,0.7,4.3,2.0373,87.25,-8.073,0.09
0.035,,,0.26667,0.026667000000000003,0.14,-2.4983,2.443,0.8,0.7,4.3,2.443,89.1,-9.0584,0.09
0.035,,,0.13333,0.026667000000000003,0.14,-2.8222,2.1253,0.8,0.7,4.3,2.1253,87.85,-8.1043,0.09
0.035,,,0.044444,0.026667000000000003,0.14,-2.9033,2.0465,0.8,0.7,4.3,2.0465,87.25,-7.9144,0.09
0.035,,,0.26667,0.24,0.07,-3.5408,1.8378,0.8,0.8,4.3,1.8378,96.75,-13.16,0.05
0.035,,,0.13333,0.24,0.07,-3.4625,2.1276,0.8,0.8,4.3,2.1276,94.25,-15.537,0.05
0.035,,,0.044444,0.24,0.07,-3.7424,1.7881,0.8,0.8,4.3,1.7881,90.2,-16.215,0.05
0.035,,,0.26667,0.08,0.07,-3.4563,1.9236,0.8,0.8,4.3,1.9236,90.45,-28.679,0.05
0.035,,,0.13333,0.08,0.07,-3.826,1.6376,0.8,0.8,4.3,1.6376,89.25,-18.066,0.05
0.035,,,0.044444,0.08,0.07,-3.9726,1.503,0.8,0.8,4.3,1.503,88.35,-17.954,0.05
0.035,,,0.26667,0.026667000000000003,0.07,-3.7505,1.68,0.8,0.8,4.3,1.68,88.9,-18.169,0.05
0.035,,,0.13333,0.026667000000000003,0.07,-3.9432,1.5171,0.8,0.8,4.3,1.5171,88.25,-17.125999999999998,0.05
0.035,,,0.044444,0.026667000000000003,0.07,-3.9672,1.5034,0.8,0.8,4.3,1.5034,87.95,-17.223,0.05
0.035,,,0.26667,0.24,0.1,-2.0992,3.275,0.8,0.8,4.3,3.275,96.25,-19.886,0.07
0.035,,,0.13333,0.24,0.1,-2.7592,2.7785,0.8,0.8,4.3,2.7785,93.1,-11.775,0.07
0.035,,,0.044444,0.24,0.1,-3.0101,2.4676,0.8,0.8,4.3,2.4676,89.25,-11.727,0.07
0.035,,,0.26667,0.08,0.1,-2.4576,2.8897,0.8,0.8,4.3,2.8897,89.8,-18.518,0.07
0.035,,,0.13333,0.08,0.1,-3.0201,2.398,0.8,0.8,4.3,2.398,88.25,-12.849,0.07
0.035,,,0.044444,0.08,0.1,-3.1872,2.2409,0.8,0.8,4.3,2.2409,87.3,-12.515999999999998,0.07
0.035,,,0.26667,0.026667000000000003,0.1,-2.7223,2.67,0.8,0.8,4.3,2.67,88.5,-13.908,0.07
0.035,,,0.13333,0.026667000000000003,0.1,-2.9984,2.4234,0.8,0.8,4.3,2.4234,87.7,-12.15,0.07
0.035,,,0.044444,0.026667000000000003,0.1,-3.0814,2.3488,0.8,0.8,4.3,2.3488,87.3,-11.797,0.07
0.035,,,0.26667,0.24,0.14,-1.4081,3.947,0.8,0.8,4.3,3.947,96.45,-38.305,0.09
0.035,,,0.13333,0.24,0.14,-2.5329,2.9435,0.8,0.8,4.3,2.9435,92.35,-9.067,0.09
0.035,,,0.044444,0.24,0.14,-2.753,2.6701,0.8,0.8,4.3,2.6701,88.45,-8.9463,0.09
0.035,,,0.26667,0.08,0.14,-1.8604,3.4493,0.8,0.8,4.3,3.4493,89.7,-14.578,0.09
0.035,,,0.13333,0.08,0.14,-2.5995,2.7768,0.8,0.8,4.3,2.7768,87.8,-9.7419,0.09
0.035,,,0.044444,0.08,0.14,-2.7968,2.5849,0.8,0.8,4.3,2.5849,86.65,-9.2736,0.09
0.035,,,0.26667,0.026667000000000003,0.14,-2.3144,3.0334,0.8,0.8,4.3,3.0334,88.2,-10.880999999999998,0.09
0.035,,,0.13333,0.026667000000000003,0.14,-2.6729,2.6997,0.8,0.8,4.3,2.6997,87.1,-9.4026,0.09
0.035,,,0.044444,0.026667000000000003,0.14,-2.7845,2.5956,0.8,0.8,4.3,2.5956,86.6,-9.0819,0.09
0.035,,,0.26667,0.24,0.07,-4.8882,0.72935,0.8,0.9,4.3,0.72935,93.85,-8.0038,0.05
0.035,,,0.13333,0.24,0.07,-3.2829,2.6387,0.8,0.9,4.3,2.6387,93.05,-22.846,0.05
0.035,,,0.044444,0.24,0.07,-3.683,2.2119,0.8,0.9,4.3,2.2119,89.55,-20.187,0.05
0.035,,,0.26667,0.08,0.07,-3.5601,2.1772,0.8,0.9,4.3,2.1772,89.7,-29.131,0.05
0.035,,,0.13333,0.08,0.07,-3.8036,2.0278,0.8,0.9,4.3,2.0278,88.7,-23.041,0.05
0.035,,,0.044444,0.08,0.07,-3.9228,1.9263,0.8,0.9,4.3,1.9263,87.9,-21.991,0.05
0.035,,,0.26667,0.026667000000000003,0.07,-3.7739,2.0282,0.8,0.9,4.3,2.0282,88.4,-23.192,0.05
0.035,,,0.13333,0.026667000000000003,0.07,-3.9162,1.9178,0.8,0.9,4.3,1.9178,87.8,-20.796,0.05
0.035,,,0.044444,0.026667000000000003,0.07,-3.9779,1.8676,0.8,0.9,4.3,1.8676,87.55,-20.716,0.05
0.035,,,0.26667,0.24,0.1,-2.8522,2.7611,0.8,0.9,4.3,2.7611,93.2,-10.279000000000002,0.07
0.035,,,0.13333,0.24,0.1,-2.4986,3.3679,0.8,0.9,4.3,3.3679,91.85,-15.720999999999998,0.07
0.035,,,0.044444,0.24,0.1,-2.8813,2.9603,0.8,0.9,4.3,2.9603,88.5,-13.938,0.07
0.035,,,0.26667,0.08,0.1,-2.4591,3.2482,0.8,0.9,4.3,3.2482,88.9,-27.931,0.07
0.035,,,0.13333,0.08,0.1,-2.9305,2.8558,0.8,0.9,4.3,2.8558,87.65,-15.347,0.07
0.035,,,0.044444,0.08,0.1,-3.1054,2.6978,0.8,0.9,4.3,2.6978,86.8,-14.505999999999998,0.07
0.035,,,0.26667,0.026667000000000003,0.1,-2.6126,3.1467,0.8,0.9,4.3,3.1467,87.85,-17.085,0.07
0.035,,,0.13333,0.026667000000000003,0.1,-2.8845,2.9088,0.8,0.9,4.3,2.9088,87.15,-14.209,0.07
0.035,,,0.044444,0.026667000000000003,0.1,-2.9757,2.8315,0.8,0.9,4.3,2.8315,86.85,-13.605,0.07
0.035,,,0.26667,0.24,0.14,-1.783,3.7894,0.8,0.9,4.3,3.7894,92.9,-13.55,0.09
0.035,,,0.13333,0.24,0.14,-2.164,3.6419,0.8,0.9,4.3,3.6419,91.05,-11.704,0.09
0.035,,,0.044444,0.24,0.14,-2.5603,3.2289,0.8,0.9,4.3,3.2289,87.7,-10.488,0.09
0.035,,,0.26667,0.08,0.14,-1.776,3.8768,0.8,0.9,4.3,3.8768,88.55,-20.086,0.09
0.035,,,0.13333,0.08,0.14,-2.437,3.3094,0.8,0.9,4.3,3.3094,87.1,-11.511,0.09
0.035,,,0.044444,0.08,0.14,-2.6639,3.0988,0.8,0.9,4.3,3.0988,86.1,-10.647,0.09
0.035,,,0.26667,0.026667000000000003,0.14,-2.1616,3.5498,0.8,0.9,4.3,3.5498,87.4,-13.140999999999998,0.09
0.035,,,0.13333,0.026667000000000003,0.14,-2.5333,3.2147,0.8,0.9,4.3,3.2147,86.5,-10.892,0.09
0.035,,,0.044444,0.026667000000000003,0.14,-2.6393,3.1196,0.8,0.9,4.3,3.1196,86.05,-10.382,0.09
0.035,,,0.26667,0.24,0.07,-6.9602,-1.1188,0.8,1.0,4.3,-1.1188,91.75,-5.6995,0.05
0.035,,,0.13333,0.24,0.07,-3.2862,2.971,0.8,1.0,4.3,2.971,91.95,-34.554,0.05
0.035,,,0.044444,0.24,0.07,-3.5993,2.6402,0.8,1.0,4.3,2.6402,89.0,-27.163,0.05
0.035,,,0.26667,0.08,0.07,-3.6805,2.3857,0.8,1.0,4.3,2.3857,89.05,-20.068,0.05
0.035,,,0.13333,0.08,0.07,-3.7904,2.3806,0.8,1.0,4.3,2.3806,88.25,-34.124,0.05
0.035,,,0.044444,0.08,0.07,-3.9391,2.2508,0.8,1.0,4.3,2.2508,87.5,-29.01,0.05
0.035,,,0.26667,0.026667000000000003,0.07,-3.7415,2.399,0.8,1.0,4.3,2.399,87.95,-34.327,0.05
0.035,,,0.13333,0.026667000000000003,0.07,-3.9032,2.2715,0.8,1.0,4.3,2.2715,87.45,-26.575,0.05
0.035,,,0.044444,0.026667000000000003,0.07,-3.9344,2.2532,0.8,1.0,4.3,2.2532,87.2,-26.01,0.05
0.035,,,0.26667,0.24,0.1,-4.1462,1.7191,0.8,1.0,4.3,1.7191,90.9,-6.6472,0.07
0.035,,,0.13333,0.24,0.1,-2.3856,3.8202,0.8,1.0,4.3,3.8202,90.75,-22.99,0.07
0.035,,,0.044444,0.24,0.1,-2.7661,3.4268,0.8,1.0,4.3,3.4268,87.9,-16.832,0.07
0.035,,,0.26667,0.08,0.1,-2.5282,3.498,0.8,1.0,4.3,3.498,88.1,-29.655,0.07
0.035,,,0.13333,0.08,0.1,-2.8507,3.2785,0.8,1.0,4.3,3.2785,87.15,-18.691,0.07
0.035,,,0.044444,0.08,0.1,-3.0511,3.0962,0.8,1.0,4.3,3.0962,86.35,-16.983,0.07
0.035,,,0.26667,0.026667000000000003,0.1,-2.5657,3.5287,0.8,1.0,4.3,3.5287,87.25,-21.789,0.07
0.035,,,0.13333,0.026667000000000003,0.1,-2.8104,3.3272,0.8,1.0,4.3,3.3272,86.7,-16.854,0.07
0.035,,,0.044444,0.026667000000000003,0.1,-2.9091,3.2417,0.8,1.0,4.3,3.2417,86.35,-15.884,0.07
0.035,,,0.26667,0.24,0.14,-2.7623,3.055,0.8,1.0,4.3,3.055,90.3,-8.0073,0.09
0.035,,,0.13333,0.24,0.14,-1.9491,4.195,0.8,1.0,4.3,4.195,89.9,-15.617,0.09
0.035,,,0.044444,0.24,0.14,-2.4008,3.742,0.8,1.0,4.3,3.742,87.05,-12.369000000000002,0.09
0.035,,,0.26667,0.08,0.14,-1.7768,4.1947,0.8,1.0,4.3,4.1947,87.55,-36.229,0.09
0.035,,,0.13333,0.08,0.14,-2.3206,3.7697,0.8,1.0,4.3,3.7697,86.5,-13.703,0.09
0.035,,,0.044444,0.08,0.14,-2.5621,3.5502,0.8,1.0,4.3,3.5502,85.6,-12.268,0.09
0.035,,,0.26667,0.026667000000000003,0.14,-2.0456,4.0025,0.8,1.0,4.3,4.0025,86.7,-16.125,0.09
0.035,,,0.13333,0.026667000000000003,0.14,-2.3884,3.705,0.8,1.0,4.3,3.705,85.95,-12.694,0.09
0.035,,,0.044444,0.026667000000000003,0.14,-2.5317,3.5771,0.8,1.0,4.3,3.5771,85.55,-11.941,0.09
0.035,,,0.26667,0.24,0.07,-9.8018,-3.7012,0.8,1.1,4.3,-3.7012,89.95,-4.498,0.05
0.035,,,0.13333,0.24,0.07,-3.3958,3.1735,0.8,1.1,4.3,3.1735,91.05,-19.561,0.05
0.035,,,0.044444,0.24,0.07,-3.66,2.9285,0.8,1.1,4.3,2.9285,88.55,-42.146,0.05
0.035,,,0.26667,0.08,0.07,-4.0053,2.3983,0.8,1.1,4.3,2.3983,88.5,-16.012,0.05
0.035,,,0.13333,0.08,0.07,-3.8277,2.6887,0.8,1.1,4.3,2.6887,87.85,-30.964,0.05
0.035,,,0.044444,0.08,0.07,-3.9348,2.5987,0.8,1.1,4.3,2.5987,87.2,-43.124,0.05
0.035,,,0.26667,0.026667000000000003,0.07,-3.8474,2.6363,0.8,1.1,4.3,2.6363,87.6,-31.18,0.05
0.035,,,0.13333,0.026667000000000003,0.07,-3.8951,2.6229,0.8,1.1,4.3,2.6229,87.15,-44.911,0.05
0.035,,,0.044444,0.026667000000000003,0.07,-3.9291,2.5975,0.8,1.1,4.3,2.5975,86.9,-40.01,0.05
0.035,,,0.26667,0.24,0.1,-6.1406,0.017129,0.8,1.1,4.3,0.017129,89.05,-4.6852,0.07
0.035,,,0.13333,0.24,0.1,-2.3629,4.1514,0.8,1.1,4.3,4.1514,89.8,-33.339,0.07
0.035,,,0.044444,0.24,0.1,-2.7318,3.8073,0.8,1.1,4.3,3.8073,87.4,-21.101,0.07
0.035,,,0.26667,0.08,0.1,-2.7382,3.6247,0.8,1.1,4.3,3.6247,87.45,-19.842,0.07
0.035,,,0.13333,0.08,0.1,-2.8586,3.6188,0.8,1.1,4.3,3.6188,86.7,-23.93,0.07
0.035,,,0.044444,0.08,0.1,-3.0088,3.4854,0.8,1.1,4.3,3.4854,85.95,-20.322,0.07
0.035,,,0.26667,0.026667000000000003,0.1,-2.5543,3.8848,0.8,1.1,4.3,3.8848,86.8,-32.233000000000004,0.07
0.035,,,0.13333,0.026667000000000003,0.1,-2.7692,3.7166,0.8,1.1,4.3,3.7166,86.3,-20.497,0.07
0.035,,,0.044444,0.026667000000000003,0.1,-2.8352,3.6651,0.8,1.1,4.3,3.6651,86.0,-18.815,0.07
0.035,,,0.26667,0.24,0.14,-4.3551,1.7515,0.8,1.1,4.3,1.7515,88.25,-5.2037,0.09
0.035,,,0.13333,0.24,0.14,-1.8165,4.6268,0.8,1.1,4.3,4.6268,88.9,-23.33,0.09
0.035,,,0.044444,0.24,0.14,-2.3059,4.1792,0.8,1.1,4.3,4.1792,86.45,-14.809,0.09
0.035,,,0.26667,0.08,0.14,-1.8856,4.4212,0.8,1.1,4.3,4.4212,86.75,-23.488000000000003,0.09
0.035,,,0.13333,0.08,0.14,-2.2328,4.2009,0.8,1.1,4.3,4.2009,85.95,-16.637999999999998,0.09
0.035,,,0.044444,0.08,0.14,-2.4824,3.9811,0.8,1.1,4.3,3.9811,85.15,-14.248,0.09
0.035,,,0.26667,0.026667000000000003,0.14,-1.9781,4.4092,0.8,1.1,4.3,4.4092,86.1,-20.702,0.09
0.035,,,0.13333,0.026667000000000003,0.14,-2.3137,4.1276,0.8,1.1,4.3,4.1276,85.5,-14.951,0.09
0.035,,,0.044444,0.026667000000000003,0.14,-2.4352,4.0253,0.8,1.1,4.3,4.0253,85.15,-13.806,0.09
0.035,,,0.28333,0.255,0.07,-3.0039,1.9997,0.85,0.7,4.3,1.9997,97.75,-19.213,0.05
0.035,,,0.14167000000000002,0.255,0.07,-4.0349,0.992,0.85,0.7,4.3,0.992,90.85,-10.603,0.05
0.035,,,0.047222,0.255,0.07,-4.0458,0.8859799999999999,0.85,0.7,4.3,0.8859799999999999,85.95,-13.152,0.05
0.035,,,0.28333,0.085,0.07,-3.6428,1.1801,0.85,0.7,4.3,1.1801,86.5,-17.014,0.05
0.035,,,0.14167000000000002,0.085,0.07,-4.1214,0.7519399999999999,0.85,0.7,4.3,0.7519399999999999,84.9,-14.461,0.05
0.035,,,0.047222,0.085,0.07,-4.2379,0.6423300000000001,0.85,0.7,4.3,0.6423300000000001,83.85,-15.136,0.05
0.035,,,0.28333,0.028333,0.07,-4.085,0.7605,0.85,0.7,4.3,0.7605,84.45,-14.299,0.05
0.035,,,0.14167000000000002,0.028333,0.07,-4.253,0.61248,0.85,0.7,4.3,0.61248,83.7,-14.374,0.05
0.035,,,0.047222,0.028333,0.07,-4.2799,0.59395,0.85,0.7,4.3,0.59395,83.4,-14.77,0.05
0.035,,,0.28333,0.255,0.1,-2.1537,2.8772,0.85,0.7,4.3,2.8772,98.05,-12.873,0.07
0.035,,,0.14167000000000002,0.255,0.1,-3.403,1.567,0.85,0.7,4.3,1.567,89.85,-8.3519,0.07
0.035,,,0.047222,0.255,0.1,-3.3435,1.5459,0.85,0.7,4.3,1.5459,85.2,-9.6727,0.07
0.035,,,0.28333,0.085,0.1,-2.7041,2.0934,0.85,0.7,4.3,2.0934,86.15,-12.871,0.07
0.035,,,0.14167000000000002,0.085,0.1,-3.3122,1.5218,0.85,0.7,4.3,1.5218,84.1,-10.521,0.07
0.035,,,0.047222,0.085,0.1,-3.4137,1.4188,0.85,0.7,4.3,1.4188,83.0,-10.692,0.07
0.035,,,0.28333,0.028333,0.1,-3.0279,1.7898,0.85,0.7,4.3,1.7898,84.4,-11.015999999999998,0.07
0.035,,,0.14167000000000002,0.028333,0.1,-3.2809,1.5512,0.85,0.7,4.3,1.5512,83.45,-10.177,0.07
0.035,,,0.047222,0.028333,0.1,-3.3137,1.5212,0.85,0.7,4.3,1.5212,83.0,-10.092,0.07
0.035,,,0.28333,0.255,0.14,-1.8828,3.2146,0.85,0.7,4.3,3.2146,100.75,-9.5921,0.09
0.035,,,0.14167000000000002,0.255,0.14,-3.2612,1.64,0.85,0.7,4.3,1.64,89.2,-6.5378,0.09
0.035,,,0.047222,0.255,0.14,-3.1184,1.7106,0.85,0.7,4.3,1.7106,84.5,-7.4192,0.09
0.035,,,0.28333,0.085,0.14,-2.2534,2.5282,0.85,0.7,4.3,2.5282,86.35,-10.275,0.09
0.035,,,0.14167000000000002,0.085,0.14,-2.9628,1.8213,0.85,0.7,4.3,1.8213,83.65,-7.9929999999999986,0.09
0.035,,,0.047222,0.085,0.14,-3.0713,1.7035,0.85,0.7,4.3,1.7035,82.35,-7.9784,0.09
0.035,,,0.28333,0.028333,0.14,-2.6748,2.1016,0.85,0.7,4.3,2.1016,84.3,-8.6822,0.09
0.035,,,0.14167000000000002,0.028333,0.14,-2.9692,1.8071,0.85,0.7,4.3,1.8071,83.0,-7.8935,0.09
0.035,,,0.047222,0.028333,0.14,-3.0467,1.7301,0.85,0.7,4.3,1.7301,82.45,-7.7722,0.09
0.035,,,0.28333,0.255,0.07,-3.4798,1.765,0.85,0.8,4.3,1.765,92.75,-17.201,0.05
0.035,,,0.14167000000000002,0.255,0.07,-3.7574,1.6509,0.85,0.8,4.3,1.6509,89.5,-14.015999999999998,0.05
0.035,,,0.047222,0.255,0.07,-3.991,1.3431,0.85,0.8,4.3,1.3431,85.25,-15.743,0.05
0.035,,,0.28333,0.085,0.07,-3.6912,1.5022,0.85,0.8,4.3,1.5022,85.6,-24.123,0.05
0.035,,,0.14167000000000002,0.085,0.07,-4.0973,1.1747,0.85,0.8,4.3,1.1747,84.35,-17.471,0.05
0.035,,,0.047222,0.085,0.07,-4.2383,1.0418,0.85,0.8,4.3,1.0418,83.4,-17.865,0.05
0.035,,,0.28333,0.028333,0.07,-4.0074,1.2305,0.85,0.8,4.3,1.2305,83.95,-17.226,0.05
0.035,,,0.14167000000000002,0.028333,0.07,-4.2158,1.0497,0.85,0.8,4.3,1.0497,83.3,-16.829,0.05
0.035,,,0.047222,0.028333,0.07,-4.2157,1.0586,0.85,0.8,4.3,1.0586,83.0,-17.177,0.05
0.035,,,0.28333,0.255,0.1,-2.1638,3.0863,0.85,0.8,4.3,3.0863,92.45,-34.994,0.07
0.035,,,0.14167000000000002,0.255,0.1,-3.0408,2.3215,0.85,0.8,4.3,2.3215,88.45,-10.724,0.07
0.035,,,0.047222,0.255,0.1,-3.2096,2.0737,0.85,0.8,4.3,2.0737,84.4,-11.315,0.07
0.035,,,0.28333,0.085,0.1,-2.616,2.5541,0.85,0.8,4.3,2.5541,85.1,-16.834,0.07
0.035,,,0.14167000000000002,0.085,0.1,-3.2108,2.0154,0.85,0.8,4.3,2.0154,83.5,-12.339,0.07
0.035,,,0.047222,0.085,0.1,-3.3683,1.8634,0.85,0.8,4.3,1.8634,82.5,-12.234000000000002,0.07
0.035,,,0.28333,0.028333,0.1,-2.9153,2.2905,0.85,0.8,4.3,2.2905,83.7,-13.159,0.07
0.035,,,0.14167000000000002,0.028333,0.1,-3.1782,2.0477,0.85,0.8,4.3,2.0477,82.85,-11.773,0.07
0.035,,,0.047222,0.028333,0.1,-3.2628,1.9723,0.85,0.8,4.3,1.9723,82.5,-11.553,0.07
0.035,,,0.28333,0.255,0.14,-1.5104,3.7405,0.85,0.8,4.3,3.7405,92.95,-20.408,0.09
0.035,,,0.14167000000000002,0.255,0.14,-2.7954,2.5067,0.85,0.8,4.3,2.5067,87.75,-8.3088,0.09
0.035,,,0.047222,0.255,0.14,-2.9213,2.3128,0.85,0.8,4.3,2.3128,83.7,-8.6189,0.09
0.035,,,0.28333,0.085,0.14,-2.0372,3.1010000000000004,0.85,0.8,4.3,3.1010000000000004,85.05,-13.231,0.09
0.035,,,0.14167000000000002,0.085,0.14,-2.7762,2.4159,0.85,0.8,4.3,2.4159,83.0,-9.3325,0.09
0.035,,,0.047222,0.085,0.14,-2.955,2.2389,0.85,0.8,4.3,2.2389,81.85,-9.077,0.09
0.035,,,0.28333,0.028333,0.14,-2.4938,2.6731,0.85,0.8,4.3,2.6731,83.45,-10.321,0.09
0.035,,,0.14167000000000002,0.028333,0.14,-2.8445,2.3441,0.85,0.8,4.3,2.3441,82.35,-9.0794,0.09
0.035,,,0.047222,0.028333,0.14,-2.9298,2.2645,0.85,0.8,4.3,2.2645,81.85,-8.8439,0.09
0.035,,,0.28333,0.255,0.07,-4.6709,0.8260799999999999,0.85,0.9,4.3,0.8260799999999999,89.7,-9.6677,0.05
0.035,,,0.14167000000000002,0.255,0.07,-3.5962,2.1566,0.85,0.9,4.3,2.1566,88.3,-19.348,0.05
0.035,,,0.047222,0.255,0.07,-3.942,1.771,0.85,0.9,4.3,1.771,84.7,-19.219,0.05
0.035,,,0.28333,0.085,0.07,-3.8049,1.7664,0.85,0.9,4.3,1.7664,84.85,-42.025,0.05
0.035,,,0.14167000000000002,0.085,0.07,-4.0705,1.5817,0.85,0.9,4.3,1.5817,83.85,-21.696,0.05
0.035,,,0.047222,0.085,0.07,-4.1936,1.4744,0.85,0.9,4.3,1.4744,83.0,-21.57,0.05
0.035,,,0.28333,0.028333,0.07,-4.074,1.5508,0.85,0.9,4.3,1.5508,83.5,-21.273000000000003,0.05
0.035,,,0.14167000000000002,0.028333,0.07,-4.1984,1.4551,0.85,0.9,4.3,1.4551,82.9,-20.094,0.05
0.035,,,0.047222,0.028333,0.07,-4.2685,1.3971,0.85,0.9,4.3,1.3971,82.65,-20.388,0.05
0.035,,,0.28333,0.255,0.1,-2.7304,2.7704,0.85,0.9,4.3,2.7704,89.2,-12.809,0.07
0.035,,,0.14167000000000002,0.255,0.1,-2.7753,2.9330000000000003,0.85,0.9,4.3,2.9330000000000003,87.25,-13.912,0.07
0.035,,,0.047222,0.255,0.1,-3.1042,2.5653,0.85,0.9,4.3,2.5653,83.75,-13.269,0.07
0.035,,,0.28333,0.085,0.1,-2.6523,2.8875,0.85,0.9,4.3,2.8875,84.2,-23.357,0.07
0.035,,,0.14167000000000002,0.085,0.1,-3.1198,2.4953,0.85,0.9,4.3,2.4953,82.95,-14.538,0.07
0.035,,,0.047222,0.085,0.1,-3.3006,2.3271,0.85,0.9,4.3,2.3271,82.05,-14.031,0.07
0.035,,,0.28333,0.028333,0.1,-2.8315,2.7578,0.85,0.9,4.3,2.7578,83.1,-15.847,0.07
0.035,,,0.14167000000000002,0.028333,0.1,-3.1208,2.4997,0.85,0.9,4.3,2.4997,82.4,-13.604,0.07
0.035,,,0.047222,0.028333,0.1,-3.1828,2.4485,0.85,0.9,4.3,2.4485,82.05,-13.186,0.07
0.035,,,0.28333,0.255,0.14,-1.7373,3.7375,0.85,0.9,4.3,3.7375,89.1,-17.988,0.09
0.035,,,0.14167000000000002,0.255,0.14,-2.4512,3.2036,0.85,0.9,4.3,3.2036,86.5,-10.524,0.09
0.035,,,0.047222,0.255,0.14,-2.753,2.8679,0.85,0.9,4.3,2.8679,83.0,-9.9934,0.09
0.035,,,0.28333,0.085,0.14,-1.9477,3.5555,0.85,0.9,4.3,3.5555,84.0,-17.412,0.09
0.035,,,0.14167000000000002,0.085,0.14,-2.6639,2.9149,0.85,0.9,4.3,2.9149,82.4,-10.887,0.09
0.035,,,0.047222,0.085,0.14,-2.8741,2.7155,0.85,0.9,4.3,2.7155,81.35,-10.316,0.09
0.035,,,0.28333,0.028333,0.14,-2.3602,3.1911,0.85,0.9,4.3,3.1911,82.75,-12.285,0.09
0.035,,,0.14167000000000002,0.028333,0.14,-2.7228,2.8561,0.85,0.9,4.3,2.8561,81.8,-10.404000000000002,0.09
0.035,,,0.047222,0.028333,0.14,-2.8379,2.7515,0.85,0.9,4.3,2.7515,81.4,-10.013,0.09
0.035,,,0.28333,0.255,0.07,-6.4448,-0.7353,0.85,1.0,4.3,-0.7353,87.5,-6.73,0.05
0.035,,,0.14167000000000002,0.255,0.07,-3.5475,2.5213,0.85,1.0,4.3,2.5213,87.3,-33.238,0.05
0.035,,,0.047222,0.255,0.07,-3.8777,2.1563,0.85,1.0,4.3,2.1563,84.15,-24.674,0.05
0.035,,,0.28333,0.085,0.07,-3.9585,1.915,0.85,1.0,4.3,1.915,84.25,-23.203000000000007,0.05
0.035,,,0.14167000000000002,0.085,0.07,-4.0841,1.8851,0.85,1.0,4.3,1.8851,83.4,-29.276,0.05
0.035,,,0.047222,0.085,0.07,-4.2123,1.7723,0.85,1.0,4.3,1.7723,82.65,-27.552,0.05
0.035,,,0.28333,0.028333,0.07,-4.026,1.9122,0.85,1.0,4.3,1.9122,83.1,-28.211,0.05
0.035,,,0.14167000000000002,0.028333,0.07,-4.1856,1.7846,0.85,1.0,4.3,1.7846,82.6,-24.835,0.05
0.035,,,0.047222,0.028333,0.07,-4.2359,1.744,0.85,1.0,4.3,1.744,82.3,-25.008000000000006,0.05
0.035,,,0.28333,0.255,0.1,-3.79,1.9417,0.85,1.0,4.3,1.9417,86.85,-8.0473,0.07
0.035,,,0.14167000000000002,0.255,0.1,-2.6006,3.4178,0.85,1.0,4.3,3.4178,86.2,-18.867,0.07
0.035,,,0.047222,0.255,0.1,-2.9859,3.0108,0.85,1.0,4.3,3.0108,83.2,-15.724,0.07
0.035,,,0.28333,0.085,0.1,-2.7067,3.136,0.85,1.0,4.3,3.136,83.5,-49.11,0.07
0.035,,,0.14167000000000002,0.085,0.1,-3.0699,2.8661,0.85,1.0,4.3,2.8661,82.45,-17.336,0.07
0.035,,,0.047222,0.085,0.1,-3.2486,2.7024,0.85,1.0,4.3,2.7024,81.65,-16.206,0.07
0.035,,,0.28333,0.028333,0.1,-2.7868,3.1175,0.85,1.0,4.3,3.1175,82.55,-19.501,0.07
0.035,,,0.14167000000000002,0.028333,0.1,-3.0066,2.9362,0.85,1.0,4.3,2.9362,81.95,-15.877,0.07
0.035,,,0.047222,0.028333,0.1,-3.1186,2.8367,0.85,1.0,4.3,2.8367,81.65,-15.19,0.07
0.035,,,0.28333,0.255,0.14,-2.4825,3.2125,0.85,1.0,4.3,3.2125,86.45,-9.9703,0.09
0.035,,,0.14167000000000002,0.255,0.14,-2.1862,3.7815,0.85,1.0,4.3,3.7815,85.45,-13.549,0.09
0.035,,,0.047222,0.255,0.14,-2.6058,3.3424,0.85,1.0,4.3,3.3424,82.4,-11.617,0.09
0.035,,,0.28333,0.085,0.14,-1.9136,3.8894,0.85,1.0,4.3,3.8894,83.05,-25.097,0.09
0.035,,,0.14167000000000002,0.085,0.14,-2.5089,3.3879,0.85,1.0,4.3,3.3879,81.85,-12.748,0.09
0.035,,,0.047222,0.085,0.14,-2.7374,3.1741,0.85,1.0,4.3,3.1741,80.9,-11.745,0.09
0.035,,,0.28333,0.028333,0.14,-2.2141,3.6462,0.85,1.0,4.3,3.6462,82.1,-14.747,0.09
0.035,,,0.14167000000000002,0.028333,0.14,-2.5836,3.3146,0.85,1.0,4.3,3.3146,81.3,-11.973,0.09
0.035,,,0.047222,0.028333,0.14,-2.6943,3.2165,0.85,1.0,4.3,3.2165,80.9,-11.389,0.09
0.035,,,0.28333,0.255,0.07,-8.803,-2.887,0.85,1.1,4.3,-2.887,85.8,-5.2305,0.05
0.035,,,0.14167000000000002,0.255,0.07,-3.6408,2.7432,0.85,1.1,4.3,2.7432,86.4,-24.328000000000007,0.05
0.035,,,0.047222,0.255,0.07,-3.8773,2.4817,0.85,1.1,4.3,2.4817,83.75,-39.598,0.05
0.035,,,0.28333,0.085,0.07,-4.1681,2.0171,0.85,1.1,4.3,2.0171,83.75,-18.042,0.05
0.035,,,0.14167000000000002,0.085,0.07,-4.0539,2.2378,0.85,1.1,4.3,2.2378,83.05,-39.209,0.05
0.035,,,0.047222,0.085,0.07,-4.2179,2.0862,0.85,1.1,4.3,2.0862,82.35,-50.99800000000001,0.05
0.035,,,0.28333,0.028333,0.07,-4.0997,2.1583,0.85,1.1,4.3,2.1583,82.75,-45.576,0.05
0.035,,,0.14167000000000002,0.028333,0.07,-4.1875,2.102,0.85,1.1,4.3,2.102,82.3,-34.954,0.05
0.035,,,0.047222,0.028333,0.07,-4.1868,2.1116,0.85,1.1,4.3,2.1116,82.05,-34.736999999999995,0.05
0.035,,,0.28333,0.255,0.1,-5.3756,0.60104,0.85,1.1,4.3,0.60104,85.05,-5.6456,0.07
0.035,,,0.14167000000000002,0.255,0.1,-2.5632,3.7753,0.85,1.1,4.3,3.7753,85.3,-31.034,0.07
0.035,,,0.047222,0.255,0.1,-2.9283,3.3953,0.85,1.1,4.3,3.3953,82.7,-19.054,0.07
0.035,,,0.28333,0.085,0.1,-2.8109,3.3423,0.85,1.1,4.3,3.3423,82.85,-23.407,0.07
0.035,,,0.14167000000000002,0.085,0.1,-2.9999,3.2583,0.85,1.1,4.3,3.2583,82.05,-21.282,0.07
0.035,,,0.047222,0.085,0.1,-3.2079,3.0663,0.85,1.1,4.3,3.0663,81.3,-19.005,0.07
0.035,,,0.28333,0.028333,0.1,-2.7411,3.4811,0.85,1.1,4.3,3.4811,82.1,-25.505,0.07
0.035,,,0.14167000000000002,0.028333,0.1,-2.9843,3.279,0.85,1.1,4.3,3.279,81.55,-18.82,0.07
0.035,,,0.047222,0.028333,0.1,-3.0636,3.2136,0.85,1.1,4.3,3.2136,81.25,-17.688,0.07
0.035,,,0.28333,0.255,0.14,-3.7182,2.2214,0.85,1.1,4.3,2.2214,84.4,-6.4693,0.09
0.035,,,0.14167000000000002,0.255,0.14,-2.034,4.2427,0.85,1.1,4.3,4.2427,84.5,-18.345,0.09
0.035,,,0.047222,0.255,0.14,-2.4897,3.7972,0.85,1.1,4.3,3.7972,81.85,-13.622,0.09
0.035,,,0.28333,0.085,0.14,-1.9871,4.1156,0.85,1.1,4.3,4.1156,82.3,-33.695,0.09
0.035,,,0.14167000000000002,0.085,0.14,-2.437,3.7888,0.85,1.1,4.3,3.7888,81.35,-15.092,0.09
0.035,,,0.047222,0.085,0.14,-2.6737,3.571,0.85,1.1,4.3,3.571,80.5,-13.429,0.09
0.035,,,0.28333,0.028333,0.14,-2.1509,4.0288,0.85,1.1,4.3,4.0288,81.55,-18.14,0.09
0.035,,,0.14167000000000002,0.028333,0.14,-2.4735,3.7576,0.85,1.1,4.3,3.7576,80.9,-13.852,0.09
0.035,,,0.047222,0.028333,0.14,-2.6135,3.6334,0.85,1.1,4.3,3.6334,80.55,-12.975,0.09
0.035,,,0.3,0.27,0.07,-3.254,1.6782,0.9,0.7,4.3,1.6782,95.25,-14.874,0.05
0.035,,,0.15,0.27,0.07,-4.3584,0.52317,0.9,0.7,4.3,0.52317,86.55,-9.8603,0.05
0.035,,,0.05,0.27,0.07,-4.2633,0.50245,0.9,0.7,4.3,0.50245,81.6,-12.844,0.05
0.035,,,0.3,0.09,0.07,-3.7665,0.8860600000000001,0.9,0.7,4.3,0.8860600000000001,82.15,-16.026,0.05
0.035,,,0.15,0.09,0.07,-4.3182,0.38239,0.9,0.7,4.3,0.38239,80.55,-13.954,0.05
0.035,,,0.05,0.09,0.07,-4.4102,0.29189,0.9,0.7,4.3,0.29189,79.5,-14.777,0.05
0.035,,,0.3,0.03,0.07,-4.294,0.37174,0.9,0.7,4.3,0.37174,79.95,-13.99,0.05
0.035,,,0.15,0.03,0.07,-4.4854,0.19982,0.9,0.7,4.3,0.19982,79.25,-14.47,0.05
0.035,,,0.05,0.03,0.07,-4.471,0.22167,0.9,0.7,4.3,0.22167,78.95,-15.042,0.05
0.035,,,0.3,0.27,0.1,-2.5162,2.4615,0.9,0.7,4.3,2.4615,96.2,-10.69,0.07
0.035,,,0.15,0.27,0.1,-3.7293,1.098,0.9,0.7,4.3,1.098,85.55,-7.7728,0.07
0.035,,,0.05,0.27,0.1,-3.5105,1.2014,0.9,0.7,4.3,1.2014,80.85,-9.4737,0.07
0.035,,,0.3,0.09,0.1,-2.8386,1.7931,0.9,0.7,4.3,1.7931,81.9,-12.171,0.07
0.035,,,0.15,0.09,0.1,-3.4723,1.1847,0.9,0.7,4.3,1.1847,79.8,-10.22,0.07
0.035,,,0.05,0.09,0.1,-3.5619,1.0936,0.9,0.7,4.3,1.0936,78.75,-10.502,0.07
0.035,,,0.3,0.03,0.1,-3.1821,1.4629,0.9,0.7,4.3,1.4629,80.0,-10.616,0.07
0.035,,,0.15,0.03,0.1,-3.424,1.2281,0.9,0.7,4.3,1.2281,79.05,-10.019,0.07
0.035,,,0.05,0.03,0.1,-3.4887,1.1657,0.9,0.7,4.3,1.1657,78.6,-10.027,0.07
0.035,,,0.3,0.27,0.14,-2.3428,2.7585,0.9,0.7,4.3,2.7585,100.75,-8.2221,0.09
0.035,,,0.15,0.27,0.14,-3.56,1.1889,0.9,0.7,4.3,1.1889,85.1,-6.0604,0.09
0.035,,,0.05,0.27,0.14,-3.2661,1.3922,0.9,0.7,4.3,1.3922,80.25,-7.2222,0.09
0.035,,,0.3,0.09,0.14,-2.4209,2.2034,0.9,0.7,4.3,2.2034,82.15,-9.6328,0.09
0.035,,,0.15,0.09,0.14,-3.1206,1.4917,0.9,0.7,4.3,1.4917,79.3,-7.761,0.09
0.035,,,0.05,0.09,0.14,-3.1901,1.4112,0.9,0.7,4.3,1.4112,78.0,-7.8729,0.09
0.035,,,0.3,0.03,0.14,-2.8147,1.7914,0.9,0.7,4.3,1.7914,79.95,-8.3564,0.09
0.035,,,0.15,0.03,0.14,-3.1168,1.4875,0.9,0.7,4.3,1.4875,78.65,-7.7217,0.09
0.035,,,0.05,0.03,0.14,-3.1587,1.4449,0.9,0.7,4.3,1.4449,78.1,-7.6632,0.09
0.035,,,0.3,0.27,0.07,-3.4762,1.6543,0.9,0.8,4.3,1.6543,89.35,-24.037,0.05
0.035,,,0.15,0.27,0.07,-4.0116,1.2313,0.9,0.8,4.3,1.2313,85.25,-12.821,0.05
0.035,,,0.05,0.27,0.07,-4.1759,0.982,0.9,0.8,4.3,0.982,80.9,-15.231,0.05
0.035,,,0.3,0.09,0.07,-3.8411,1.1887,0.9,0.8,4.3,1.1887,81.3,-21.973000000000006,0.05
0.035,,,0.15,0.09,0.07,-4.2346,0.8658600000000001,0.9,0.8,4.3,0.8658600000000001,80.05,-16.665,0.05
0.035,,,0.05,0.09,0.07,-4.3806,0.72746,0.9,0.8,4.3,0.72746,79.05,-17.27,0.05
0.035,,,0.3,0.03,0.07,-4.3239,0.74185,0.9,0.8,4.3,0.74185,79.5,-16.617,0.05
0.035,,,0.15,0.03,0.07,-4.4728,0.6194,0.9,0.8,4.3,0.6194,78.85,-16.79,0.05
0.035,,,0.05,0.03,0.07,-4.5365,0.5647300000000001,0.9,0.8,4.3,0.5647300000000001,78.55,-17.384,0.05
0.035,,,0.3,0.27,0.1,-2.2448,2.9013,0.9,0.8,4.3,2.9013,89.2,-24.599,0.07
0.035,,,0.15,0.27,0.1,-3.2951,1.911,0.9,0.8,4.3,1.911,84.3,-9.8699,0.07
0.035,,,0.05,0.27,0.1,-3.3785,1.7376,0.9,0.8,4.3,1.7376,80.15,-10.923,0.07
0.035,,,0.3,0.09,0.1,-2.7626,2.2496,0.9,0.8,4.3,2.2496,80.9,-15.664,0.07
0.035,,,0.15,0.09,0.1,-3.3745,1.6829,0.9,0.8,4.3,1.6829,79.25,-11.886,0.07
0.035,,,0.05,0.09,0.1,-3.5196,1.5415,0.9,0.8,4.3,1.5415,78.25,-11.932,0.07
0.035,,,0.3,0.03,0.1,-3.1189,1.917,0.9,0.8,4.3,1.917,79.35,-12.542,0.07
0.035,,,0.15,0.03,0.1,-3.3864,1.6687,0.9,0.8,4.3,1.6687,78.5,-11.485,0.07
0.035,,,0.05,0.03,0.1,-3.4331,1.6292,0.9,0.8,4.3,1.6292,78.15,-11.393,0.07
0.035,,,0.3,0.27,0.14,-1.6761,3.4878,0.9,0.8,4.3,3.4878,90.05,-15.384,0.09
0.035,,,0.15,0.27,0.14,-3.0567,2.0909,0.9,0.8,4.3,2.0909,83.65,-7.6849,0.09
0.035,,,0.05,0.27,0.14,-3.0906,1.9785,0.9,0.8,4.3,1.9785,79.5,-8.3184,0.09
0.035,,,0.3,0.09,0.14,-2.2163,2.7688,0.9,0.8,4.3,2.7688,80.9,-12.229,0.09
0.035,,,0.15,0.09,0.14,-2.9753,2.0534,0.9,0.8,4.3,2.0534,78.7,-8.9829,0.09
0.035,,,0.05,0.09,0.14,-3.1271,1.9011,0.9,0.8,4.3,1.9011,77.55,-8.8886,0.09
0.035,,,0.3,0.03,0.14,-2.6614,2.3464,0.9,0.8,4.3,2.3464,79.2,-9.8486,0.09
0.035,,,0.15,0.03,0.14,-2.9973,2.0276,0.9,0.8,4.3,2.0276,78.1,-8.8154,0.09
0.035,,,0.05,0.03,0.14,-3.0885,1.9396,0.9,0.8,4.3,1.9396,77.6,-8.6585,0.09
0.035,,,0.3,0.27,0.07,-4.3675,1.011,0.9,0.9,4.3,1.011,86.05,-11.505999999999998,0.05
0.035,,,0.15,0.27,0.07,-3.8328,1.7743,0.9,0.9,4.3,1.7743,84.1,-17.099,0.05
0.035,,,0.05,0.27,0.07,-4.1653,1.3695,0.9,0.9,4.3,1.3695,80.35,-18.314,0.05
0.035,,,0.3,0.09,0.07,-3.9715,1.4129,0.9,0.9,4.3,1.4129,80.6,-39.24,0.05
0.035,,,0.15,0.09,0.07,-4.2803,1.1885,0.9,0.9,4.3,1.1885,79.55,-20.294,0.05
0.035,,,0.05,0.09,0.07,-4.4099,1.0684,0.9,0.9,4.3,1.0684,78.7,-20.54,0.05
0.035,,,0.3,0.03,0.07,-4.3022,1.1285,0.9,0.9,4.3,1.1285,79.05,-20.102,0.05
0.035,,,0.15,0.03,0.07,-4.5061,0.95361,0.9,0.9,4.3,0.95361,78.5,-19.82,0.05
0.035,,,0.05,0.03,0.07,-4.5239,0.94594,0.9,0.9,4.3,0.94594,78.25,-20.459,0.05
0.035,,,0.3,0.27,0.1,-2.6798,2.7129,0.9,0.9,4.3,2.7129,85.65,-16.059,0.07
0.035,,,0.15,0.27,0.1,-3.0226,2.5434,0.9,0.9,4.3,2.5434,83.15,-12.577,0.07
0.035,,,0.05,0.27,0.1,-3.2992,2.1976,0.9,0.9,4.3,2.1976,79.55,-12.686,0.07
0.035,,,0.3,0.09,0.1,-2.7493,2.6094,0.9,0.9,4.3,2.6094,80.05,-20.878,0.07
0.035,,,0.15,0.09,0.1,-3.3034,2.1316,0.9,0.9,4.3,2.1316,78.75,-13.86,0.07
0.035,,,0.05,0.09,0.1,-3.464,1.9776,0.9,0.9,4.3,1.9776,77.85,-13.579,0.07
0.035,,,0.3,0.03,0.1,-3.0391,2.3638,0.9,0.9,4.3,2.3638,78.8,-14.886,0.07
0.035,,,0.15,0.03,0.1,-3.2956,2.1385,0.9,0.9,4.3,2.1385,78.1,-13.138,0.07
0.035,,,0.05,0.03,0.1,-3.3862,2.0567,0.9,0.9,4.3,2.0567,77.75,-12.882,0.07
0.035,,,0.3,0.27,0.14,-1.7632,3.6161,0.9,0.9,4.3,3.6161,85.75,-26.161,0.09
0.035,,,0.15,0.27,0.14,-2.7181,2.804,0.9,0.9,4.3,2.804,82.45,-9.6091,0.09
0.035,,,0.05,0.27,0.14,-2.9356,2.5153,0.9,0.9,4.3,2.5153,78.85,-9.5628,0.09
0.035,,,0.3,0.09,0.14,-2.1095,3.2221,0.9,0.9,4.3,3.2221,79.9,-15.67,0.09
0.035,,,0.15,0.09,0.14,-2.8305,2.5679,0.9,0.9,4.3,2.5679,78.2,-10.379,0.09
0.035,,,0.05,0.09,0.14,-3.0171,2.3836,0.9,0.9,4.3,2.3836,77.15,-10.022,0.09
0.035,,,0.3,0.03,0.14,-2.5311,2.8403,0.9,0.9,4.3,2.8403,78.55,-11.595,0.09
0.035,,,0.15,0.03,0.14,-2.8885,2.5061,0.9,0.9,4.3,2.5061,77.6,-10.015,0.09
0.035,,,0.05,0.03,0.14,-2.9777,2.4232,0.9,0.9,4.3,2.4232,77.15,-9.7228,0.09
0.035,,,0.3,0.27,0.07,-5.9638,-0.37209,0.9,1.0,4.3,-0.37209,83.75,-7.7308,0.05
0.035,,,0.15,0.27,0.07,-3.7349,2.1643,0.9,1.0,4.3,2.1643,83.1,-25.094,0.05
0.035,,,0.05,0.27,0.07,-4.1014,1.7576,0.9,1.0,4.3,1.7576,79.85,-22.799,0.05
0.035,,,0.3,0.09,0.07,-4.037,1.6684,0.9,1.0,4.3,1.6684,80.0,-25.983,0.05
0.035,,,0.15,0.09,0.07,-4.2426,1.5549,0.9,1.0,4.3,1.5549,79.15,-26.036,0.05
0.035,,,0.05,0.09,0.07,-4.4165,1.3926,0.9,1.0,4.3,1.3926,78.35,-25.368,0.05
0.035,,,0.3,0.03,0.07,-4.3626,1.3997,0.9,1.0,4.3,1.3997,78.7,-25.358,0.05
0.035,,,0.15,0.03,0.07,-4.4757,1.3171,0.9,1.0,4.3,1.3171,78.2,-24.043000000000006,0.05
0.035,,,0.05,0.03,0.07,-4.4828,1.3191,0.9,1.0,4.3,1.3191,77.95,-24.799,0.05
0.035,,,0.3,0.27,0.1,-3.5527,2.055,0.9,1.0,4.3,2.055,83.25,-9.5449,0.07
0.035,,,0.15,0.27,0.1,-2.8098,3.0449,0.9,1.0,4.3,3.0449,82.1,-16.414,0.07
0.035,,,0.05,0.27,0.1,-3.1564,2.6635,0.9,1.0,4.3,2.6635,79.0,-14.825,0.07
0.035,,,0.3,0.09,0.1,-2.8419,2.838,0.9,1.0,4.3,2.838,79.35,-33.069,0.07
0.035,,,0.15,0.09,0.1,-3.239,2.5249,0.9,1.0,4.3,2.5249,78.3,-16.3,0.07
0.035,,,0.05,0.09,0.1,-3.4271,2.3511,0.9,1.0,4.3,2.3511,77.5,-15.531,0.07
0.035,,,0.3,0.03,0.1,-3.004,2.7302,0.9,1.0,4.3,2.7302,78.3,-17.877,0.07
0.035,,,0.15,0.03,0.1,-3.2486,2.5195,0.9,1.0,4.3,2.5195,77.7,-15.138,0.07
0.035,,,0.05,0.03,0.1,-3.3375,2.4408,0.9,1.0,4.3,2.4408,77.35,-14.685,0.07
0.035,,,0.3,0.27,0.14,-2.2271,3.3584,0.9,1.0,4.3,3.3584,83.0,-12.262,0.09
0.035,,,0.15,0.27,0.14,-2.4139,3.3992,0.9,1.0,4.3,3.3992,81.45,-12.1,0.09
0.035,,,0.05,0.27,0.14,-2.7917,2.9909,0.9,1.0,4.3,2.9909,78.3,-11.001,0.09
0.035,,,0.3,0.09,0.14,-2.0631,3.5842,0.9,1.0,4.3,3.5842,79.05,-21.011,0.09
0.035,,,0.15,0.09,0.14,-2.7121,3.0177,0.9,1.0,4.3,3.0177,77.7,-12.008,0.09
0.035,,,0.05,0.09,0.14,-2.9293,2.8115,0.9,1.0,4.3,2.8115,76.75,-11.307,0.09
0.035,,,0.3,0.03,0.14,-2.3969,3.2996,0.9,1.0,4.3,3.2996,77.95,-13.694,0.09
0.035,,,0.15,0.03,0.14,-2.7646,2.9657,0.9,1.0,4.3,2.9657,77.15,-11.409,0.09
0.035,,,0.05,0.03,0.14,-2.8836,2.8576,0.9,1.0,4.3,2.8576,76.75,-10.96,0.09
0.035,,,0.3,0.27,0.07,-7.8732,-2.0854,0.9,1.1,4.3,-2.0854,82.0,-5.8901,0.05
0.035,,,0.15,0.27,0.07,-3.7842,2.4089,0.9,1.1,4.3,2.4089,82.25,-32.534,0.05
0.035,,,0.05,0.27,0.07,-4.1055,2.0566,0.9,1.1,4.3,2.0566,79.45,-31.725,0.05
0.035,,,0.3,0.09,0.07,-4.3247,1.6694,0.9,1.1,4.3,1.6694,79.5,-19.567,0.05
0.035,,,0.15,0.09,0.07,-4.2546,1.8415,0.9,1.1,4.3,1.8415,78.8,-43.859,0.05
0.035,,,0.05,0.09,0.07,-4.356,1.7561,0.9,1.1,4.3,1.7561,78.1,-35.815,0.05
0.035,,,0.3,0.03,0.07,-4.3983,1.6623,0.9,1.1,4.3,1.6623,78.4,-38.171,0.05
0.035,,,0.15,0.03,0.07,-4.4284,1.6663,0.9,1.1,4.3,1.6663,77.95,-31.841,0.05
0.035,,,0.05,0.03,0.07,-4.5183,1.5841,0.9,1.1,4.3,1.5841,77.7,-33.135,0.05
0.035,,,0.3,0.27,0.1,-4.9476,0.88281,0.9,1.1,4.3,0.88281,81.4,-6.5956,0.07
0.035,,,0.15,0.27,0.1,-2.7268,3.4282,0.9,1.1,4.3,3.4282,81.25,-23.202,0.07
0.035,,,0.05,0.27,0.1,-3.109,3.0168,0.9,1.1,4.3,3.0168,78.55,-17.581,0.07
0.035,,,0.3,0.09,0.1,-2.9208,3.0445,0.9,1.1,4.3,3.0445,78.75,-27.77,0.07
0.035,,,0.15,0.09,0.1,-3.1603,2.902,0.9,1.1,4.3,2.902,77.9,-19.522,0.07
0.035,,,0.05,0.09,0.1,-3.3492,2.7276,0.9,1.1,4.3,2.7276,77.15,-17.939,0.07
0.035,,,0.3,0.03,0.1,-2.9391,3.09,0.9,1.1,4.3,3.09,77.9,-22.196,0.07
0.035,,,0.15,0.03,0.1,-3.1868,2.8797,0.9,1.1,4.3,2.8797,77.35,-17.625,0.07
0.035,,,0.05,0.03,0.1,-3.2397,2.8385,0.9,1.1,4.3,2.8385,77.05,-16.872,0.07
0.035,,,0.3,0.27,0.14,-3.1988,2.6062,0.9,1.1,4.3,2.6062,80.95,-7.8106,0.09
0.035,,,0.15,0.27,0.14,-2.2224,3.8847,0.9,1.1,4.3,3.8847,80.55,-15.655,0.09
0.035,,,0.05,0.27,0.14,-2.6538,3.4362,0.9,1.1,4.3,3.4362,77.8,-12.719,0.09
0.035,,,0.3,0.09,0.14,-2.1044,3.824,0.9,1.1,4.3,3.824,78.3,-35.437,0.09
0.035,,,0.15,0.09,0.14,-2.6056,3.4307,0.9,1.1,4.3,3.4307,77.25,-13.976,0.09
0.035,,,0.05,0.09,0.14,-2.8417,3.2107,0.9,1.1,4.3,3.2107,76.4,-12.787,0.09
0.035,,,0.3,0.03,0.14,-2.3212,3.6738,0.9,1.1,4.3,3.6738,77.45,-16.422,0.09
0.035,,,0.15,0.03,0.14,-2.66,3.3794,0.9,1.1,4.3,3.3794,76.75,-13.028,0.09
0.035,,,0.05,0.03,0.14,-2.7833,3.269,0.9,1.1,4.3,3.269,76.4,-12.353,0.09
0.035,,,0.31667,0.285,0.07,-3.67,1.221,0.95,0.7,4.3,1.221,93.85,-12.69,0.05
0.035,,,0.15833,0.285,0.07,-4.6964,0.028903,0.95,0.7,4.3,0.028903,82.6,-9.254,0.05
0.035,,,0.052778,0.285,0.07,-4.4969,0.10567,0.95,0.7,4.3,0.10567,77.55,-12.729,0.05
0.035,,,0.31667,0.095,0.07,-3.9136,0.5865,0.95,0.7,4.3,0.5865,78.3,-15.153,0.05
0.035,,,0.15833,0.095,0.07,-4.4734,0.071684,0.95,0.7,4.3,0.071684,76.65,-13.449000000000002,0.05
0.035,,,0.052778,0.095,0.07,-4.5694,-0.024626,0.95,0.7,4.3,-0.024626,75.55,-14.401,0.05
0.035,,,0.31667,0.031667,0.07,-4.5982,-0.091059,0.95,0.7,4.3,-0.091059,75.85,-13.638,0.05
0.035,,,0.15833,0.031667,0.07,-4.7519,-0.22566,0.95,0.7,4.3,-0.22566,75.2,-14.533,0.05
0.035,,,0.052778,0.031667,0.07,-4.7392,-0.20658,0.95,0.7,4.3,-0.20658,74.9,-15.294,0.05
0.035,,,0.31667,0.285,0.1,-2.9659,2.009,0.95,0.7,4.3,2.009,95.7,-9.3721,0.07
0.035,,,0.15833,0.285,0.1,-4.027,0.64947,0.95,0.7,4.3,0.64947,81.75,-7.2351,0.07
0.035,,,0.052778,0.285,0.1,-3.6702,0.8853,0.95,0.7,4.3,0.8853,76.95,-9.2432,0.07
0.035,,,0.31667,0.095,0.1,-3.0095,1.475,0.95,0.7,4.3,1.475,78.05,-11.443,0.07
0.035,,,0.15833,0.095,0.1,-3.662,0.8370700000000001,0.95,0.7,4.3,0.8370700000000001,75.85,-10.018,0.07
0.035,,,0.052778,0.095,0.1,-3.7366,0.75981,0.95,0.7,4.3,0.75981,74.8,-10.479,0.07
0.035,,,0.31667,0.031667,0.1,-3.359,1.1289,0.95,0.7,4.3,1.1289,76.05,-10.238,0.07
0.035,,,0.15833,0.031667,0.1,-3.5933,0.89951,0.95,0.7,4.3,0.89951,75.05,-9.8624,0.07
0.035,,,0.052778,0.031667,0.1,-3.646,0.85,0.95,0.7,4.3,0.85,74.65,-9.9657,0.07
0.035,,,0.31667,0.285,0.14,-5.3058,1.8032,0.95,0.7,4.3,1.8032,110.0,-5.1505,0.09
0.035,,,0.15833,0.285,0.14,-4.2789,0.36982,0.95,0.7,4.3,0.36982,82.95,-5.0412,0.09
0.035,,,0.052778,0.285,0.14,-3.4707,1.045,0.95,0.7,4.3,1.045,76.75,-6.937,0.09
0.035,,,0.31667,0.095,0.14,-2.6081,1.8722,0.95,0.7,4.3,1.8722,78.4,-9.0553,0.09
0.035,,,0.15833,0.095,0.14,-3.3058,1.1505,0.95,0.7,4.3,1.1505,75.25,-7.619,0.09
0.035,,,0.052778,0.095,0.14,-3.3526,1.0945,0.95,0.7,4.3,1.0945,74.05,-7.8852,0.09
0.035,,,0.31667,0.031667,0.14,-2.9664,1.4901,0.95,0.7,4.3,1.4901,76.05,-8.0593,0.09
0.035,,,0.15833,0.031667,0.14,-3.2575,1.1944,0.95,0.7,4.3,1.1944,74.7,-7.5735,0.09
0.035,,,0.052778,0.031667,0.14,-3.2893,1.161,0.95,0.7,4.3,1.161,74.15,-7.5779999999999985,0.09
0.035,,,0.31667,0.285,0.07,-3.5858,1.4497,0.95,0.8,4.3,1.4497,86.55,-36.644,0.05
0.035,,,0.15833,0.285,0.07,-4.336,0.76118,0.95,0.8,4.3,0.76118,81.35,-11.852,0.05
0.035,,,0.052778,0.285,0.07,-4.4057,0.59545,0.95,0.8,4.3,0.59545,76.95,-14.959,0.05
0.035,,,0.31667,0.095,0.07,-3.9999,0.88174,0.95,0.8,4.3,0.88174,77.45,-20.323,0.05
0.035,,,0.15833,0.095,0.07,-4.4308,0.5149600000000001,0.95,0.8,4.3,0.5149600000000001,76.15,-15.919,0.05
0.035,,,0.052778,0.095,0.07,-4.5668,0.38535,0.95,0.8,4.3,0.38535,75.15,-16.695,0.05
0.035,,,0.31667,0.031667,0.07,-4.6322,0.27912,0.95,0.8,4.3,0.27912,75.45,-15.974,0.05
0.035,,,0.15833,0.031667,0.07,-4.7582,0.17607,0.95,0.8,4.3,0.17607,74.85,-16.706,0.05
0.035,,,0.052778,0.031667,0.07,-4.8213,0.12168,0.95,0.8,4.3,0.12168,74.55,-17.547,0.05
0.035,,,0.31667,0.285,0.1,-2.4474,2.6135,0.95,0.8,4.3,2.6135,86.6,-17.590999999999998,0.07
0.035,,,0.15833,0.285,0.1,-3.5878,1.4716,0.95,0.8,4.3,1.4716,80.45,-9.1477,0.07
0.035,,,0.052778,0.285,0.1,-3.5875,1.3795,0.95,0.8,4.3,1.3795,76.25,-10.655,0.07
0.035,,,0.31667,0.095,0.1,-2.9444,1.924,0.95,0.8,4.3,1.924,77.1,-14.514,0.07
0.035,,,0.15833,0.095,0.1,-3.5955,1.3126,0.95,0.8,4.3,1.3126,75.35,-11.553,0.07
0.035,,,0.052778,0.095,0.1,-3.7304,1.1794,0.95,0.8,4.3,1.1794,74.35,-11.819,0.07
0.035,,,0.31667,0.031667,0.1,-3.3222,1.5651,0.95,0.8,4.3,1.5651,75.45,-11.994000000000002,0.07
0.035,,,0.15833,0.031667,0.1,-3.5801,1.3247,0.95,0.8,4.3,1.3247,74.6,-11.223,0.07
0.035,,,0.052778,0.031667,0.1,-3.6277,1.2823,0.95,0.8,4.3,1.2823,74.2,-11.246,0.07
0.035,,,0.31667,0.285,0.14,-1.9309,3.1628,0.95,0.8,4.3,3.1628,87.9,-12.514,0.09
0.035,,,0.15833,0.285,0.14,-3.3345,1.673,0.95,0.8,4.3,1.673,79.85,-7.1406,0.09
0.035,,,0.052778,0.285,0.14,-3.2662,1.6536,0.95,0.8,4.3,1.6536,75.6,-8.1005,0.09
0.035,,,0.31667,0.095,0.14,-2.4099,2.4397,0.95,0.8,4.3,2.4397,77.2,-11.361,0.09
0.035,,,0.15833,0.095,0.14,-3.1657,1.7128,0.95,0.8,4.3,1.7128,74.8,-8.7313,0.09
0.035,,,0.052778,0.095,0.14,-3.3027,1.5687,0.95,0.8,4.3,1.5687,73.65,-8.8255,0.09
0.035,,,0.31667,0.031667,0.14,-2.8445,2.0224,0.95,0.8,4.3,2.0224,75.35,-9.4288,0.09
0.035,,,0.15833,0.031667,0.14,-3.164,1.7087,0.95,0.8,4.3,1.7087,74.2,-8.5863,0.09
0.035,,,0.052778,0.031667,0.14,-3.2341,1.6389,0.95,0.8,4.3,1.6389,73.7,-8.5023,0.09
0.035,,,0.31667,0.285,0.07,-4.2859,0.97177,0.95,0.9,4.3,0.97177,82.85,-14.217,0.05
0.035,,,0.15833,0.285,0.07,-4.1315,1.3122,0.95,0.9,4.3,1.3122,80.25,-15.383,0.05
0.035,,,0.052778,0.285,0.07,-4.4143,0.9437,0.95,0.9,4.3,0.9437,76.4,-17.768,0.05
0.035,,,0.31667,0.095,0.07,-4.0881,1.1258,0.95,0.9,4.3,1.1258,76.75,-31.036,0.05
0.035,,,0.15833,0.095,0.07,-4.4324,0.8637799999999999,0.95,0.9,4.3,0.8637799999999999,75.7,-19.086,0.05
0.035,,,0.052778,0.095,0.07,-4.5681,0.7345,0.95,0.9,4.3,0.7345,74.8,-19.603,0.05
0.035,,,0.31667,0.031667,0.07,-4.5826,0.6735,0.95,0.9,4.3,0.6735,75.1,-18.939,0.05
0.035,,,0.15833,0.031667,0.07,-4.7845,0.49862,0.95,0.9,4.3,0.49862,74.55,-19.48,0.05
0.035,,,0.052778,0.031667,0.07,-4.8043,0.48767,0.95,0.9,4.3,0.48767,74.3,-20.471,0.05
0.035,,,0.31667,0.285,0.1,-2.6817,2.5938,0.95,0.9,4.3,2.5938,82.6,-21.589,0.07
0.035,,,0.15833,0.285,0.1,-3.2903,2.1122,0.95,0.9,4.3,2.1122,79.35,-11.478,0.07
0.035,,,0.052778,0.285,0.1,-3.4904,1.8281,0.95,0.9,4.3,1.8281,75.65,-12.26,0.07
0.035,,,0.31667,0.095,0.1,-2.9489,2.2475,0.95,0.9,4.3,2.2475,76.3,-18.729,0.07
0.035,,,0.15833,0.095,0.1,-3.4885,1.7759,0.95,0.9,4.3,1.7759,74.9,-13.335,0.07
0.035,,,0.052778,0.095,0.1,-3.6356,1.6339,0.95,0.9,4.3,1.6339,74.0,-13.334,0.07
0.035,,,0.31667,0.031667,0.1,-3.2103,2.0256,0.95,0.9,4.3,2.0256,74.95,-14.062,0.07
0.035,,,0.15833,0.031667,0.1,-3.4981,1.763,0.95,0.9,4.3,1.763,74.2,-12.726,0.07
0.035,,,0.052778,0.031667,0.1,-3.5626,1.7069,0.95,0.9,4.3,1.7069,73.85,-12.616,0.07
0.035,,,0.31667,0.285,0.14,-1.8128,3.4621,0.95,0.9,4.3,3.4621,82.9,-31.77,0.09
0.035,,,0.15833,0.285,0.14,-2.9617,2.4043,0.95,0.9,4.3,2.4043,78.75,-8.8371,0.09
0.035,,,0.052778,0.285,0.14,-3.0945,2.1874,0.95,0.9,4.3,2.1874,75.05,-9.2388,0.09
0.035,,,0.31667,0.095,0.14,-2.2906,2.8875,0.95,0.9,4.3,2.8875,76.2,-14.263,0.09
0.035,,,0.15833,0.095,0.14,-3.0287,2.1975,0.95,0.9,4.3,2.1975,74.3,-9.991,0.09
0.035,,,0.052778,0.095,0.14,-3.2012,2.0261,0.95,0.9,4.3,2.0261,73.3,-9.8688,0.09
0.035,,,0.31667,0.031667,0.14,-2.6788,2.5268,0.95,0.9,4.3,2.5268,74.8,-10.996,0.09
0.035,,,0.15833,0.031667,0.14,-3.0372,2.188,0.95,0.9,4.3,2.188,73.8,-9.6804,0.09
0.035,,,0.052778,0.031667,0.14,-3.1331,2.0971,0.95,0.9,4.3,2.0971,73.35,-9.4795,0.09
0.035,,,0.31667,0.285,0.07,-5.6967,-0.21943,0.95,1.0,4.3,-0.21943,80.4,-9.1167,0.05
0.035,,,0.15833,0.285,0.07,-4.0325,1.7153,0.95,1.0,4.3,1.7153,79.3,-20.995,0.05
0.035,,,0.052778,0.285,0.07,-4.3447,1.3551,0.95,1.0,4.3,1.3551,75.95,-21.638,0.05
0.035,,,0.31667,0.095,0.07,-4.2435,1.3085,0.95,1.0,4.3,1.3085,76.2,-29.736,0.05
0.035,,,0.15833,0.095,0.07,-4.4587,1.1813,0.95,1.0,4.3,1.1813,75.3,-23.696,0.05
0.035,,,0.052778,0.095,0.07,-4.6162,1.0377,0.95,1.0,4.3,1.0377,74.5,-23.65,0.05
0.035,,,0.31667,0.031667,0.07,-4.6736,0.93226,0.95,1.0,4.3,0.93226,74.75,-23.037,0.05
0.035,,,0.15833,0.031667,0.07,-4.8089,0.82594,0.95,1.0,4.3,0.82594,74.25,-23.236,0.05
0.035,,,0.052778,0.031667,0.07,-4.789,0.8560200000000001,0.95,1.0,4.3,0.8560200000000001,74.0,-24.547,0.05
0.035,,,0.31667,0.285,0.1,-3.3348,2.1715,0.95,1.0,4.3,2.1715,80.05,-11.524,0.07
0.035,,,0.15833,0.285,0.1,-3.0864,2.6258,0.95,1.0,4.3,2.6258,78.4,-14.59,0.07
0.035,,,0.052778,0.285,0.1,-3.3987,2.2661,0.95,1.0,4.3,2.2661,75.2,-14.165,0.07
0.035,,,0.31667,0.095,0.1,-3.0292,2.5001,0.95,1.0,4.3,2.5001,75.6,-26.087,0.07
0.035,,,0.15833,0.095,0.1,-3.4791,2.1288,0.95,1.0,4.3,2.1288,74.45,-15.469,0.07
0.035,,,0.052778,0.095,0.1,-3.6488,1.9694,0.95,1.0,4.3,1.9694,73.65,-15.107,0.07
0.035,,,0.31667,0.031667,0.1,-3.2257,2.3556,0.95,1.0,4.3,2.3556,74.5,-16.601,0.07
0.035,,,0.15833,0.031667,0.1,-3.4528,2.1576,0.95,1.0,4.3,2.1576,73.85,-14.512,0.07
0.035,,,0.052778,0.031667,0.1,-3.5563,2.0621,0.95,1.0,4.3,2.0621,73.5,-14.254,0.07
0.035,,,0.31667,0.285,0.14,-2.1626,3.3274,0.95,1.0,4.3,3.3274,79.95,-15.414,0.09
0.035,,,0.15833,0.285,0.14,-2.6583,3.0155,0.95,1.0,4.3,3.0155,77.8,-10.948,0.09
0.035,,,0.052778,0.285,0.14,-2.9942,2.6352,0.95,1.0,4.3,2.6352,74.5,-10.53,0.09
0.035,,,0.31667,0.095,0.14,-2.2774,3.2273,0.95,1.0,4.3,3.2273,75.35,-18.329,0.09
0.035,,,0.15833,0.095,0.14,-2.9166,2.6644,0.95,1.0,4.3,2.6644,73.9,-11.435,0.09
0.035,,,0.052778,0.095,0.14,-3.1212,2.4676,0.95,1.0,4.3,2.4676,72.95,-11.028,0.09
0.035,,,0.31667,0.031667,0.14,-2.5971,2.9552,0.95,1.0,4.3,2.9552,74.25,-12.833,0.09
0.035,,,0.15833,0.031667,0.14,-2.9705,2.6119,0.95,1.0,4.3,2.6119,73.35,-10.939,0.09
0.035,,,0.052778,0.031667,0.14,-3.0532,2.5372,0.95,1.0,4.3,2.5372,72.95,-10.608,0.09
0.035,,,0.31667,0.285,0.07,-7.5364,-1.8699,0.95,1.1,4.3,-1.8699,78.65,-6.8128,0.05
0.035,,,0.15833,0.285,0.07,-4.0432,1.9834,0.95,1.1,4.3,1.9834,78.45,-37.477,0.05
0.035,,,0.052778,0.285,0.07,-4.3681,1.614,0.95,1.1,4.3,1.614,75.55,-28.251,0.05
0.035,,,0.31667,0.095,0.07,-4.4351,1.3882,0.95,1.1,4.3,1.3882,75.7,-21.22,0.05
0.035,,,0.15833,0.095,0.07,-4.3943,1.5255,0.95,1.1,4.3,1.5255,74.95,-32.806999999999995,0.05
0.035,,,0.052778,0.095,0.07,-4.5682,1.3651,0.95,1.1,4.3,1.3651,74.25,-30.731,0.05
0.035,,,0.31667,0.031667,0.07,-4.7174,1.1664,0.95,1.1,4.3,1.1664,74.45,-30.003,0.05
0.035,,,0.15833,0.031667,0.07,-4.7238,1.1894,0.95,1.1,4.3,1.1894,74.0,-29.266,0.05
0.035,,,0.052778,0.031667,0.07,-4.7982,1.1251,0.95,1.1,4.3,1.1251,73.8,-31.563,0.05
0.035,,,0.31667,0.285,0.1,-4.5143,1.1925,0.95,1.1,4.3,1.1925,78.15,-7.7946,0.07
0.035,,,0.15833,0.285,0.1,-2.9485,3.0437,0.95,1.1,4.3,3.0437,77.6,-19.302,0.07
0.035,,,0.052778,0.285,0.1,-3.3132,2.6409,0.95,1.1,4.3,2.6409,74.75,-16.527,0.07
0.035,,,0.31667,0.095,0.1,-3.0355,2.7675,0.95,1.1,4.3,2.7675,75.05,-38.706,0.07
0.035,,,0.15833,0.095,0.1,-3.3751,2.5177,0.95,1.1,4.3,2.5177,74.1,-18.168,0.07
0.035,,,0.052778,0.095,0.1,-3.5852,2.3186,0.95,1.1,4.3,2.3186,73.35,-17.236,0.07
0.035,,,0.31667,0.031667,0.1,-3.1439,2.7168,0.95,1.1,4.3,2.7168,74.1,-19.964,0.07
0.035,,,0.15833,0.031667,0.1,-3.4127,2.4813,0.95,1.1,4.3,2.4813,73.5,-16.659000000000002,0.07
0.035,,,0.052778,0.031667,0.1,-3.471,2.4341,0.95,1.1,4.3,2.4341,73.25,-16.189,0.07
0.035,,,0.31667,0.285,0.14,-2.9539,2.7356,0.95,1.1,4.3,2.7356,77.85,-9.4495,0.09
0.035,,,0.15833,0.285,0.14,-2.418,3.5314,0.95,1.1,4.3,3.5314,76.95,-13.763,0.09
0.035,,,0.052778,0.285,0.14,-2.8253,3.0903,0.95,1.1,4.3,3.0903,74.05,-12.035,0.09
0.035,,,0.31667,0.095,0.14,-2.27,3.5028,0.95,1.1,4.3,3.5028,74.65,-25.523000000000003,0.09
0.035,,,0.15833,0.095,0.14,-2.8163,3.0484,0.95,1.1,4.3,3.0484,73.5,-13.13,0.09
0.035,,,0.052778,0.095,0.14,-3.0342,2.8423,0.95,1.1,4.3,2.8423,72.65,-12.345999999999998,0.09
0.035,,,0.31667,0.031667,0.14,-2.4905,3.3421,0.95,1.1,4.3,3.3421,73.75,-15.118,0.09
0.035,,,0.15833,0.031667,0.14,-2.8137,3.0519,0.95,1.1,4.3,3.0519,73.0,-12.359000000000002,0.09
0.035,,,0.052778,0.031667,0.14,-2.9536,2.9233,0.95,1.1,4.3,2.9233,72.65,-11.85,0.09
0.035,,,0.33333,0.3,0.07,-4.1542,0.75332,1.0,0.7,4.3,0.75332,93.4,-11.55,0.05
0.035,,,0.16667,0.3,0.07,-5.0641,-0.48012,1.0,0.7,4.3,-0.48012,78.95,-8.7596,0.05
0.035,,,0.055556,0.3,0.07,-4.6818,-0.22399,1.0,0.7,4.3,-0.22399,73.95,-12.669,0.05
0.035,,,0.33333,0.1,0.07,-4.1637,0.2006,1.0,0.7,4.3,0.2006,74.7,-14.106,0.05
0.035,,,0.16667,0.1,0.07,-4.7324,-0.33036,1.0,0.7,4.3,-0.33036,72.95,-13.441,0.05
0.035,,,0.055556,0.1,0.07,-4.7968,-0.39308,1.0,0.7,4.3,-0.39308,71.9,-14.735,0.05
0.035,,,0.33333,0.033333,0.07,-4.9124,-0.54594,1.0,0.7,4.3,-0.54594,72.1,-13.408,0.05
0.035,,,0.16667,0.033333,0.07,-5.0652,-0.68121,1.0,0.7,4.3,-0.68121,71.5,-14.674,0.05
0.035,,,0.055556,0.033333,0.07,-5.0277,-0.63598,1.0,0.7,4.3,-0.63598,71.25,-15.614,0.05
0.035,,,0.33333,0.3,0.1,-5.4372,1.5522,1.0,0.7,4.3,1.5522,110.0,-7.6659,0.07
0.035,,,0.16667,0.3,0.1,-4.8138,-0.23917,1.0,0.7,4.3,-0.23917,79.8,-5.9877,0.07
0.035,,,0.055556,0.3,0.1,-3.9178,0.51369,1.0,0.7,4.3,0.51369,73.8,-8.9205,0.07
0.035,,,0.33333,0.1,0.1,-3.1712,1.1828,1.0,0.7,4.3,1.1828,74.6,-10.937,0.07
0.035,,,0.16667,0.1,0.1,-3.8321,0.5289699999999999,1.0,0.7,4.3,0.5289699999999999,72.35,-9.757,0.07
0.035,,,0.055556,0.1,0.1,-3.8825,0.47487,1.0,0.7,4.3,0.47487,71.3,-10.3,0.07
0.035,,,0.33333,0.033333,0.1,-3.5599,0.78843,1.0,0.7,4.3,0.78843,72.45,-9.9257,0.07
0.035,,,0.16667,0.033333,0.1,-3.7902,0.56198,1.0,0.7,4.3,0.56198,71.45,-9.7518,0.07
0.035,,,0.055556,0.033333,0.1,-3.7855,0.56899,1.0,0.7,4.3,0.56899,71.05,-9.9415,0.07
0.035,,,0.33333,0.3,0.14,-5.154,1.8644,1.0,0.7,4.3,1.8644,110.0,-6.674,0.09
0.035,,,0.16667,0.3,0.14,-4.464,0.027639,1.0,0.7,4.3,0.027639,78.7,-4.9383,0.09
0.035,,,0.055556,0.3,0.14,-3.594,0.78099,1.0,0.7,4.3,0.78099,73.05,-6.8789,0.09
0.035,,,0.33333,0.1,0.14,-2.7594,1.5952,1.0,0.7,4.3,1.5952,75.0,-8.5823,0.09
0.035,,,0.16667,0.1,0.14,-3.5026,0.8156899999999999,1.0,0.7,4.3,0.8156899999999999,71.6,-7.5139,0.09
0.035,,,0.055556,0.1,0.14,-3.5377,0.77187,1.0,0.7,4.3,0.77187,70.45,-7.9038,0.09
0.035,,,0.33333,0.033333,0.14,-3.133,1.19,1.0,0.7,4.3,1.19,72.5,-7.8092,0.09
0.035,,,0.16667,0.033333,0.14,-3.3923,0.92462,1.0,0.7,4.3,0.92462,71.15,-7.4618,0.09
0.035,,,0.055556,0.033333,0.14,-3.429,0.8859299999999999,1.0,0.7,4.3,0.8859299999999999,70.6,-7.5234,0.09
0.035,,,0.33333,0.3,0.07,-3.7562,1.2041,1.0,0.8,4.3,1.2041,84.3,-21.72,0.05
0.035,,,0.16667,0.3,0.07,-4.6512,0.31668,1.0,0.8,4.3,0.31668,77.8,-11.092,0.05
0.035,,,0.055556,0.3,0.07,-4.6819,0.17362,1.0,0.8,4.3,0.17362,73.35,-14.784,0.05
0.035,,,0.33333,0.1,0.07,-4.1976,0.54652,1.0,0.8,4.3,0.54652,73.9,-18.394,0.05
0.035,,,0.16667,0.1,0.07,-4.7563,0.038492,1.0,0.8,4.3,0.038492,72.5,-15.739,0.05
0.035,,,0.055556,0.1,0.07,-4.8561,-0.060477,1.0,0.8,4.3,-0.060477,71.55,-16.97,0.05
0.035,,,0.33333,0.033333,0.07,-4.8872,-0.13330999999999998,1.0,0.8,4.3,-0.13330999999999998,71.8,-15.537,0.05
0.035,,,0.16667,0.033333,0.07,-5.0578,-0.28327,1.0,0.8,4.3,-0.28327,71.2,-16.777,0.05
0.035,,,0.055556,0.033333,0.07,-5.0264,-0.24397,1.0,0.8,4.3,-0.24397,70.95,-17.86,0.05
0.035,,,0.33333,0.3,0.1,-2.7021,2.2945,1.0,0.8,4.3,2.2945,84.6,-14.193,0.07
0.035,,,0.16667,0.3,0.1,-3.8507,1.0777,1.0,0.8,4.3,1.0777,77.0,-8.55,0.07
0.035,,,0.055556,0.3,0.1,-3.7773,1.0411,1.0,0.8,4.3,1.0411,72.7,-10.45,0.07
0.035,,,0.33333,0.1,0.1,-3.0988,1.626,1.0,0.8,4.3,1.626,73.65,-13.763,0.07
0.035,,,0.16667,0.1,0.1,-3.7227,1.0378,1.0,0.8,4.3,1.0378,71.9,-11.183,0.07
0.035,,,0.055556,0.1,0.1,-3.8397,0.91609,1.0,0.8,4.3,0.91609,70.9,-11.555,0.07
0.035,,,0.33333,0.033333,0.1,-3.4722,1.2617,1.0,0.8,4.3,1.2617,71.9,-11.539,0.07
0.035,,,0.16667,0.033333,0.1,-3.7232,1.0262,1.0,0.8,4.3,1.0262,71.05,-11.025,0.07
0.035,,,0.055556,0.033333,0.1,-3.8013,0.95055,1.0,0.8,4.3,0.95055,70.65,-11.145,0.07
0.035,,,0.33333,0.3,0.14,-2.27,2.7865,1.0,0.8,4.3,2.7865,86.55,-10.684,0.09
0.035,,,0.16667,0.3,0.14,-3.6283,1.2526,1.0,0.8,4.3,1.2526,76.4,-6.6738,0.09
0.035,,,0.055556,0.3,0.14,-3.4067,1.3588,1.0,0.8,4.3,1.3588,72.1,-7.9245,0.09
0.035,,,0.33333,0.1,0.14,-2.5728,2.1399,1.0,0.8,4.3,2.1399,73.8,-10.681,0.09
0.035,,,0.16667,0.1,0.14,-3.3366,1.3796,1.0,0.8,4.3,1.3796,71.25,-8.5405,0.09
0.035,,,0.055556,0.1,0.14,-3.4399,1.2671,1.0,0.8,4.3,1.2671,70.15,-8.7839,0.09
0.035,,,0.33333,0.033333,0.14,-2.9711,1.7435,1.0,0.8,4.3,1.7435,71.9,-9.0773,0.09
0.035,,,0.16667,0.033333,0.14,-3.3009,1.4099,1.0,0.8,4.3,1.4099,70.7,-8.4105,0.09
0.035,,,0.055556,0.033333,0.14,-3.3513,1.3583,1.0,0.8,4.3,1.3583,70.2,-8.3942,0.09
0.035,,,0.33333,0.3,0.07,-4.1757,0.97597,1.0,0.9,4.3,0.97597,80.05,-18.051,0.05
0.035,,,0.16667,0.3,0.07,-4.4085,0.8809100000000001,1.0,0.9,4.3,0.8809100000000001,76.75,-14.12,0.05
0.035,,,0.055556,0.3,0.07,-4.6159,0.58635,1.0,0.9,4.3,0.58635,72.85,-17.378,0.05
0.035,,,0.33333,0.1,0.07,-4.3321,0.73144,1.0,0.9,4.3,0.73144,73.25,-25.433000000000003,0.05
0.035,,,0.16667,0.1,0.07,-4.6946,0.44694,1.0,0.9,4.3,0.44694,72.1,-18.624,0.05
0.035,,,0.055556,0.1,0.07,-4.8589,0.28676,1.0,0.9,4.3,0.28676,71.2,-19.776,0.05
0.035,,,0.33333,0.033333,0.07,-4.9449,0.15615,1.0,0.9,4.3,0.15615,71.45,-18.125,0.05
0.035,,,0.16667,0.033333,0.07,-5.0114,0.1155,1.0,0.9,4.3,0.1155,70.95,-19.321,0.05
0.035,,,0.055556,0.033333,0.07,-5.0855,0.04903,1.0,0.9,4.3,0.04903,70.7,-20.646,0.05
0.035,,,0.33333,0.3,0.1,-2.6779,2.4982,1.0,0.9,4.3,2.4982,79.95,-37.872,0.07
0.035,,,0.16667,0.3,0.1,-3.5198,1.7369,1.0,0.9,4.3,1.7369,75.95,-10.608,0.07
0.035,,,0.055556,0.3,0.1,-3.663,1.4995,1.0,0.9,4.3,1.4995,72.2,-11.934,0.07
0.035,,,0.33333,0.1,0.1,-3.0421,2.0088,1.0,0.9,4.3,2.0088,72.9,-17.480999999999998,0.07
0.035,,,0.16667,0.1,0.1,-3.6724,1.4353,1.0,0.9,4.3,1.4353,71.45,-12.822,0.07
0.035,,,0.055556,0.1,0.1,-3.8255,1.2859,1.0,0.9,4.3,1.2859,70.55,-12.965,0.07
0.035,,,0.33333,0.033333,0.1,-3.4315,1.651,1.0,0.9,4.3,1.651,71.45,-13.406,0.07
0.035,,,0.16667,0.033333,0.1,-3.6881,1.4158,1.0,0.9,4.3,1.4158,70.7,-12.404000000000002,0.07
0.035,,,0.055556,0.033333,0.1,-3.7554,1.3551,1.0,0.9,4.3,1.3551,70.35,-12.422,0.07
0.035,,,0.33333,0.3,0.14,-1.9702,3.2189,1.0,0.9,4.3,3.2189,80.45,-20.498,0.09
0.035,,,0.16667,0.3,0.14,-3.2105,2.0067,1.0,0.9,4.3,2.0067,75.35,-8.2053,0.09
0.035,,,0.055556,0.3,0.14,-3.2841,1.8462,1.0,0.9,4.3,1.8462,71.55,-8.9825,0.09
0.035,,,0.33333,0.1,0.14,-2.4451,2.5929,1.0,0.9,4.3,2.5929,72.85,-13.233,0.09
0.035,,,0.16667,0.1,0.14,-3.1986,1.8771,1.0,0.9,4.3,1.8771,70.85,-9.6936,0.09
0.035,,,0.055556,0.1,0.14,-3.372,1.7009,1.0,0.9,4.3,1.7009,69.8,-9.7515,0.09
0.035,,,0.33333,0.033333,0.14,-2.846,2.2108,1.0,0.9,4.3,2.2108,71.35,-10.512,0.09
0.035,,,0.16667,0.033333,0.14,-3.2023,1.8707,1.0,0.9,4.3,1.8707,70.3,-9.4181,0.09
0.035,,,0.055556,0.033333,0.14,-3.2655,1.8127,1.0,0.9,4.3,1.8127,69.9,-9.3006,0.09
0.035,,,0.33333,0.3,0.07,-5.4639,-0.097914,1.0,1.0,4.3,-0.097914,77.45,-10.735,0.05
0.035,,,0.16667,0.3,0.07,-4.2823,1.3313,1.0,1.0,4.3,1.3313,75.85,-18.534,0.05
0.035,,,0.055556,0.3,0.07,-4.6462,0.88918,1.0,1.0,4.3,0.88918,72.4,-20.853,0.05
0.035,,,0.33333,0.1,0.07,-4.509,0.8731200000000001,1.0,1.0,4.3,0.8731200000000001,72.7,-43.154,0.05
0.035,,,0.16667,0.1,0.07,-4.7329,0.73897,1.0,1.0,4.3,0.73897,71.75,-22.61,0.05
0.035,,,0.055556,0.1,0.07,-4.8237,0.65552,1.0,1.0,4.3,0.65552,70.95,-23.627,0.05
0.035,,,0.33333,0.033333,0.07,-4.9255,0.50345,1.0,1.0,4.3,0.50345,71.2,-21.53,0.05
0.035,,,0.16667,0.033333,0.07,-5.0821,0.37607,1.0,1.0,4.3,0.37607,70.7,-22.74,0.05
0.035,,,0.055556,0.033333,0.07,-5.1356,0.33132,1.0,1.0,4.3,0.33132,70.45,-24.52,0.05
0.035,,,0.33333,0.3,0.1,-3.2882,2.1096,1.0,1.0,4.3,2.1096,77.2,-14.005999999999998,0.07
0.035,,,0.16667,0.3,0.1,-3.3107,2.2752,1.0,1.0,4.3,2.2752,75.05,-13.239,0.07
0.035,,,0.055556,0.3,0.1,-3.6087,1.8946,1.0,1.0,4.3,1.8946,71.7,-13.665,0.07
0.035,,,0.33333,0.1,0.1,-3.1105,2.2544,1.0,1.0,4.3,2.2544,72.25,-23.269,0.07
0.035,,,0.16667,0.1,0.1,-3.5803,1.8616,1.0,1.0,4.3,1.8616,71.05,-14.751,0.07
0.035,,,0.055556,0.1,0.1,-3.7769,1.6705,1.0,1.0,4.3,1.6705,70.25,-14.587,0.07
0.035,,,0.33333,0.033333,0.1,-3.3524,2.0572,1.0,1.0,4.3,2.0572,71.05,-15.630999999999998,0.07
0.035,,,0.16667,0.033333,0.1,-3.6585,1.7785,1.0,1.0,4.3,1.7785,70.35,-14.035,0.07
0.035,,,0.055556,0.033333,0.1,-3.6889,1.7564,1.0,1.0,4.3,1.7564,70.05,-13.942,0.07
0.035,,,0.33333,0.3,0.14,-2.1805,3.217,1.0,1.0,4.3,3.217,77.2,-20.068,0.09
0.035,,,0.16667,0.3,0.14,-2.9233,2.6251,1.0,1.0,4.3,2.6251,74.45,-10.044,0.09
0.035,,,0.055556,0.3,0.14,-3.1431,2.3252,1.0,1.0,4.3,2.3252,71.1,-10.162,0.09
0.035,,,0.33333,0.1,0.14,-2.3785,2.9675,1.0,1.0,4.3,2.9675,72.05,-16.581,0.09
0.035,,,0.16667,0.1,0.14,-3.115,2.299,1.0,1.0,4.3,2.299,70.45,-10.997,0.09
0.035,,,0.055556,0.1,0.14,-3.313,2.1004,1.0,1.0,4.3,2.1004,69.5,-10.821,0.09
0.035,,,0.33333,0.033333,0.14,-2.7402,2.647,1.0,1.0,4.3,2.647,70.85,-12.156,0.09
0.035,,,0.16667,0.033333,0.14,-3.0954,2.3158,1.0,1.0,4.3,2.3158,69.95,-10.569,0.09
0.035,,,0.055556,0.033333,0.14,-3.215,2.202,1.0,1.0,4.3,2.202,69.55,-10.341,0.09
0.035,,,0.33333,0.3,0.07,-7.1172,-1.558,1.0,1.1,4.3,-1.558,75.6,-7.8164,0.05
0.035,,,0.16667,0.3,0.07,-4.2082,1.6707,1.0,1.1,4.3,1.6707,75.05,-27.04,0.05
0.035,,,0.055556,0.3,0.07,-4.5496,1.2761,1.0,1.1,4.3,1.2761,72.05,-26.227,0.05
0.035,,,0.33333,0.1,0.07,-4.6805,0.99308,1.0,1.1,4.3,0.99308,72.2,-24.732,0.05
0.035,,,0.16667,0.1,0.07,-4.7865,0.97815,1.0,1.1,4.3,0.97815,71.4,-29.398000000000003,0.05
0.035,,,0.055556,0.1,0.07,-4.8847,0.8901600000000001,1.0,1.1,4.3,0.8901600000000001,70.7,-30.064,0.05
0.035,,,0.33333,0.033333,0.07,-4.9503,0.77785,1.0,1.1,4.3,0.77785,70.9,-26.609,0.05
0.035,,,0.16667,0.033333,0.07,-5.1252,0.63048,1.0,1.1,4.3,0.63048,70.45,-27.885,0.05
0.035,,,0.055556,0.033333,0.07,-5.1191,0.6450899999999999,1.0,1.1,4.3,0.6450899999999999,70.25,-30.938,0.05
0.035,,,0.33333,0.3,0.1,-4.2686,1.3307,1.0,1.1,4.3,1.3307,75.2,-9.1449,0.07
0.035,,,0.16667,0.3,0.1,-3.1622,2.6822,1.0,1.1,4.3,2.6822,74.25,-16.914,0.07
0.035,,,0.055556,0.3,0.1,-3.5294,2.2694,1.0,1.1,4.3,2.2694,71.3,-15.746,0.07
0.035,,,0.33333,0.1,0.1,-3.2043,2.4516,1.0,1.1,4.3,2.4516,71.7,-40.225,0.07
0.035,,,0.16667,0.1,0.1,-3.5699,2.1723,1.0,1.1,4.3,2.1723,70.7,-17.113,0.07
0.035,,,0.055556,0.1,0.1,-3.7112,2.0431,1.0,1.1,4.3,2.0431,69.95,-16.498,0.07
0.035,,,0.33333,0.033333,0.1,-3.3846,2.325,1.0,1.1,4.3,2.325,70.65,-18.437,0.07
0.035,,,0.16667,0.033333,0.1,-3.5795,2.1636,1.0,1.1,4.3,2.1636,70.05,-15.941,0.07
0.035,,,0.055556,0.033333,0.1,-3.6871,2.0645,1.0,1.1,4.3,2.0645,69.75,-15.688,0.07
0.035,,,0.33333,0.3,0.14,-2.7147,2.8773,1.0,1.1,4.3,2.8773,75.0,-11.382,0.09
0.035,,,0.16667,0.3,0.14,-2.6659,3.1446,1.0,1.1,4.3,3.1446,73.65,-12.385,0.09
0.035,,,0.055556,0.3,0.14,-3.0373,2.7264,1.0,1.1,4.3,2.7264,70.65,-11.513,0.09
0.035,,,0.33333,0.1,0.14,-2.4199,3.2133,1.0,1.1,4.3,3.2133,71.4,-21.658,0.09
0.035,,,0.16667,0.1,0.14,-2.9858,2.7263,1.0,1.1,4.3,2.7263,70.1,-12.498,0.09
0.035,,,0.055556,0.1,0.14,-3.2192,2.5016,1.0,1.1,4.3,2.5016,69.25,-12.022,0.09
0.035,,,0.33333,0.033333,0.14,-2.6687,3.015,1.0,1.1,4.3,3.015,70.4,-14.135,0.09
0.035,,,0.16667,0.033333,0.14,-3.0254,2.6875,1.0,1.1,4.3,2.6875,69.6,-11.848,0.09
0.035,,,0.055556,0.033333,0.14,-3.1212,2.6013,1.0,1.1,4.3,2.6013,69.25,-11.472,0.09
0.035,105.0,55.0,0.225,0.18,0.14256,-2.915,2.5721,0.9,0.81,3.6,2.5721,91.8,-9.0411,0.0639
0.035,105.0,55.0,0.225,0.18,0.12579,-3.0608,2.129,0.9,0.81,4.3,2.129,84.2,-9.5764,0.0639
0.035,105.0,55.0,0.225,0.18,0.11111,-3.1617,1.8032,0.9,0.81,5.0,1.8032,78.15,-10.197,0.0639
0.035,105.0,55.0,0.1125,0.18,0.14256,-3.6668,1.7727,0.9,0.81,3.6,1.7727,88.05,-7.3478,0.0639
0.035,105.0,55.0,0.1125,0.18,0.12579,-3.7276,1.4515,0.9,0.81,4.3,1.4515,81.0,-7.9258,0.0639
0.035,105.0,55.0,0.1125,0.18,0.11111,-3.747,1.2141,0.9,0.81,5.0,1.2141,75.35,-8.5975,0.0639
0.035,105.0,55.0,0.225,0.06,0.14256,-3.4422,1.9471,0.9,0.81,3.6,1.9471,87.0,-8.2322,0.0639
0.035,105.0,55.0,0.225,0.06,0.12579,-3.5528,1.5603,0.9,0.81,4.3,1.5603,79.85,-8.777000000000001,0.0639
0.035,105.0,55.0,0.225,0.06,0.11111,-3.6289,1.2736,0.9,0.81,5.0,1.2736,74.15,-9.4157,0.0639
0.035,105.0,55.0,0.1125,0.06,0.14256,-3.7828,1.6022,0.9,0.81,3.6,1.6022,85.45,-7.6713,0.0639
0.035,105.0,55.0,0.1125,0.06,0.12579,-3.8422,1.2787,0.9,0.81,4.3,1.2787,78.6,-8.2786,0.0639
0.035,105.0,55.0,0.1125,0.06,0.11111,-3.8715,1.0398,0.9,0.81,5.0,1.0398,73.1,-9.0075,0.0639
0.035,105.0,55.0,0.225,0.18,0.1584,-2.7275,2.7498,0.9,0.81,3.6,2.7498,91.75,-8.508,0.071
0.035,105.0,55.0,0.225,0.18,0.13976,-2.8538,2.3286,0.9,0.81,4.3,2.3286,84.15,-9.0041,0.071
0.035,105.0,55.0,0.225,0.18,0.12346,-2.9309,2.0264,0.9,0.81,5.0,2.0264,78.1,-9.5843,0.071
0.035,105.0,55.0,0.1125,0.18,0.1584,-3.516,1.904,0.9,0.81,3.6,1.904,87.95,-6.8413,0.071
0.035,105.0,55.0,0.1125,0.18,0.13976,-3.571,1.5994,0.9,0.81,4.3,1.5994,80.9,-7.3429,0.071
0.035,105.0,55.0,0.1125,0.18,0.12346,-3.5585,1.3896,0.9,0.81,5.0,1.3896,75.3,-7.9227,0.071
0.035,105.0,55.0,0.225,0.06,0.1584,-3.2951,2.0765,0.9,0.81,3.6,2.0765,86.85,-7.697999999999999,0.071
0.035,105.0,55.0,0.225,0.06,0.13976,-3.3891,1.7147,0.9,0.81,4.3,1.7147,79.7,-8.1789,0.071
0.035,105.0,55.0,0.225,0.06,0.12346,-3.4371,1.4569,0.9,0.81,5.0,1.4569,74.0,-8.7425,0.071
0.035,105.0,55.0,0.1125,0.06,0.1584,-3.6532,1.7102,0.9,0.81,3.6,1.7102,85.2,-7.1151,0.071
0.035,105.0,55.0,0.1125,0.06,0.13976,-3.6955,1.4145,0.9,0.81,4.3,1.4145,78.4,-7.6437,0.071
0.035,105.0,55.0,0.1125,0.06,0.12346,-3.6944,1.2062,0.9,0.81,5.0,1.2062,72.95,-8.2736,0.071
0.035,105.0,55.0,0.225,0.18,0.17424,-2.6339,2.8241,0.9,0.81,3.6,2.8241,91.65,-7.9396,0.0781
0.035,105.0,55.0,0.225,0.18,0.15374000000000002,-2.7473,2.4244,0.9,0.81,4.3,2.4244,84.0,-8.4111,0.0781
0.035,105.0,55.0,0.225,0.18,0.1358,-2.8133,2.1329,0.9,0.81,5.0,2.1329,77.9,-8.9578,0.0781
0.035,105.0,55.0,0.1125,0.18,0.17424,-3.4136,1.9692,0.9,0.81,3.6,1.9692,87.65,-6.4888,0.0781
0.035,105.0,55.0,0.1125,0.18,0.15374000000000002,-3.4638,1.6881,0.9,0.81,4.3,1.6881,80.65,-6.9546,0.0781
0.035,105.0,55.0,0.1125,0.18,0.1358,-3.4322,1.4972,0.9,0.81,5.0,1.4972,75.0,-7.4917,0.0781
0.035,105.0,55.0,0.225,0.06,0.17424,-3.1726,2.178,0.9,0.81,3.6,2.178,86.75,-7.2614,0.0781
0.035,105.0,55.0,0.225,0.06,0.15374000000000002,-3.2554,1.8375,0.9,0.81,4.3,1.8375,79.6,-7.7023,0.0781
0.035,105.0,55.0,0.225,0.06,0.1358,-3.2874,1.5934,0.9,0.81,5.0,1.5934,73.9,-8.2146,0.0781
0.035,105.0,55.0,0.1125,0.06,0.17424,-3.5423,1.7966,0.9,0.81,3.6,1.7966,85.0,-6.6794,0.0781
0.035,105.0,55.0,0.1125,0.06,0.15374000000000002,-3.5826,1.5145,0.9,0.81,4.3,1.5145,78.2,-7.1621,0.0781
0.035,105.0,55.0,0.1125,0.06,0.1358,-3.5628,1.3208,0.9,0.81,5.0,1.3208,72.75,-7.725,0.0781
0.035,105.0,55.0,0.225,0.18,0.14256,-2.5864,3.1668,0.9,0.9,3.6,3.1668,90.45,-11.931,0.0639
0.035,105.0,55.0,0.225,0.18,0.12579,-2.8203,2.6794,0.9,0.9,4.3,2.6794,83.0,-12.483,0.0639
0.035,105.0,55.0,0.225,0.18,0.11111,-2.9683,2.282,0.9,0.9,5.0,2.282,77.05,-13.162,0.0639
0.035,105.0,55.0,0.1125,0.18,0.14256,-3.3954,2.3826,0.9,0.9,3.6,2.3826,87.45,-8.5591,0.0639
0.035,105.0,55.0,0.1125,0.18,0.12579,-3.5307,1.9859,0.9,0.9,4.3,1.9859,80.4,-9.1792,0.0639
0.035,105.0,55.0,0.1125,0.18,0.11111,-3.5796,1.6807,0.9,0.9,5.0,1.6807,74.8,-9.9089,0.0639
0.035,105.0,55.0,0.225,0.06,0.14256,-3.2186,2.5106,0.9,0.9,3.6,2.5106,86.5,-9.6086,0.0639
0.035,105.0,55.0,0.225,0.06,0.12579,-3.3964,2.0526,0.9,0.9,4.3,2.0526,79.35,-10.148,0.0639
0.035,105.0,55.0,0.225,0.06,0.11111,-3.5108,1.6877,0.9,0.9,5.0,1.6877,73.7,-10.799,0.0639
0.035,105.0,55.0,0.1125,0.06,0.14256,-3.6004,2.1489,0.9,0.9,3.6,2.1489,85.1,-8.6675,0.0639
0.035,105.0,55.0,0.1125,0.06,0.12579,-3.7107,1.7544,0.9,0.9,4.3,1.7544,78.25,-9.2978,0.0639
0.035,105.0,55.0,0.1125,0.06,0.11111,-3.7681,1.4414,0.9,0.9,5.0,1.4414,72.8,-10.065,0.0639
0.035,105.0,55.0,0.225,0.18,0.1584,-2.3684,3.3713,0.9,0.9,3.6,3.3713,90.35,-11.168,0.071
0.035,105.0,55.0,0.225,0.18,0.13976,-2.5919,2.8978,0.9,0.9,4.3,2.8978,82.9,-11.652,0.071
0.035,105.0,55.0,0.225,0.18,0.12346,-2.7076,2.5311,0.9,0.9,5.0,2.5311,76.95,-12.268,0.071
0.035,105.0,55.0,0.1125,0.18,0.1584,-3.2208,2.5311,0.9,0.9,3.6,2.5311,87.35,-7.9653,0.071
0.035,105.0,55.0,0.1125,0.18,0.13976,-3.3489,2.1551,0.9,0.9,4.3,2.1551,80.3,-8.491,0.071
0.035,105.0,55.0,0.1125,0.18,0.12346,-3.3763,1.8737,0.9,0.9,5.0,1.8737,74.7,-9.1098,0.071
0.035,105.0,55.0,0.225,0.06,0.1584,-3.0637,2.6518,0.9,0.9,3.6,2.6518,86.3,-8.9757,0.071
0.035,105.0,55.0,0.225,0.06,0.13976,-3.2163,2.2232,0.9,0.9,4.3,2.2232,79.2,-9.4372,0.071
0.035,105.0,55.0,0.225,0.06,0.12346,-3.2968,1.8907,0.9,0.9,5.0,1.8907,73.55,-9.996,0.071
0.035,105.0,55.0,0.1125,0.06,0.1584,-3.4477,2.2768,0.9,0.9,3.6,2.2768,84.9,-8.032,0.071
0.035,105.0,55.0,0.1125,0.06,0.13976,-3.5442,1.9048,0.9,0.9,4.3,1.9048,78.05,-8.5692,0.071
0.035,105.0,55.0,0.1125,0.06,0.12346,-3.5809,1.6167,0.9,0.9,5.0,1.6167,72.6,-9.2207,0.071
0.035,105.0,55.0,0.225,0.18,0.17424,-2.2486,3.4744,0.9,0.9,3.6,3.4744,90.2,-10.36,0.0781
0.035,105.0,55.0,0.225,0.18,0.15374000000000002,-2.4663,3.0117,0.9,0.9,4.3,3.0117,82.7,-10.804,0.0781
0.035,105.0,55.0,0.225,0.18,0.1358,-2.5567,2.669,0.9,0.9,5.0,2.669,76.8,-11.363,0.0781
0.035,105.0,55.0,0.1125,0.18,0.17424,-3.1074,2.6108,0.9,0.9,3.6,2.6108,87.05,-7.5416,0.0781
0.035,105.0,55.0,0.1125,0.18,0.15374000000000002,-3.2261,2.2593,0.9,0.9,4.3,2.2593,80.05,-8.0218,0.0781
0.035,105.0,55.0,0.1125,0.18,0.1358,-3.2395,1.9957,0.9,0.9,5.0,1.9957,74.45,-8.5867,0.0781
0.035,105.0,55.0,0.225,0.06,0.17424,-2.9203,2.7727,0.9,0.9,3.6,2.7727,86.2,-8.471,0.0781
0.035,105.0,55.0,0.225,0.06,0.15374000000000002,-3.0614,2.3638,0.9,0.9,4.3,2.3638,79.1,-8.8825,0.0781
0.035,105.0,55.0,0.225,0.06,0.1358,-3.1268,2.0493,0.9,0.9,5.0,2.0493,73.45,-9.3797,0.0781
0.035,105.0,55.0,0.1125,0.06,0.17424,-3.3271,2.3664,0.9,0.9,3.6,2.3664,84.65,-7.5407,0.0781
0.035,105.0,55.0,0.1125,0.06,0.15374000000000002,-3.4169,2.0155,0.9,0.9,4.3,2.0155,77.85,-8.0178,0.0781
0.035,105.0,55.0,0.1125,0.06,0.1358,-3.4368,1.7479,0.9,0.9,5.0,1.7479,72.4,-8.5944,0.0781
0.035,105.0,55.0,0.225,0.18,0.14256,-2.3837,3.6398,0.9,0.99,3.6,3.6398,89.25,-16.524,0.0639
0.035,105.0,55.0,0.225,0.18,0.12579,-2.6255,3.1318,0.9,0.99,4.3,3.1318,82.0,-17.085,0.0639
0.035,105.0,55.0,0.225,0.18,0.11111,-2.8517,2.6798,0.9,0.99,5.0,2.6798,76.15,-17.882,0.0639
0.035,105.0,55.0,0.1125,0.18,0.14256,-3.139,2.95,0.9,0.99,3.6,2.95,86.95,-9.9571,0.0639
0.035,105.0,55.0,0.1125,0.18,0.12579,-3.2996,2.5055,0.9,0.99,4.3,2.5055,79.95,-10.592,0.0639
0.035,105.0,55.0,0.1125,0.18,0.11111,-3.4283,2.1323,0.9,0.99,5.0,2.1323,74.35,-11.353,0.0639
0.035,105.0,55.0,0.225,0.06,0.14256,-3.0168,3.0135,0.9,0.99,3.6,3.0135,86.0,-11.262,0.0639
0.035,105.0,55.0,0.225,0.06,0.12579,-3.2304,2.5156,0.9,0.99,4.3,2.5156,78.95,-11.769,0.0639
0.035,105.0,55.0,0.225,0.06,0.11111,-3.4124,2.0796,0.9,0.99,5.0,2.0796,73.3,-12.427,0.0639
0.035,105.0,55.0,0.1125,0.06,0.14256,-3.4015,2.6563,0.9,0.99,3.6,2.6563,84.75,-9.7989,0.0639
0.035,105.0,55.0,0.1125,0.06,0.12579,-3.5498,2.217,0.9,0.99,4.3,2.217,77.95,-10.439,0.0639
0.035,105.0,55.0,0.1125,0.06,0.11111,-3.663,1.8426,0.9,0.99,5.0,1.8426,72.5,-11.233,0.0639
0.035,105.0,55.0,0.225,0.18,0.1584,-2.1785,3.8249,0.9,0.99,3.6,3.8249,89.1,-14.875,0.071
0.035,105.0,55.0,0.225,0.18,0.13976,-2.4258,3.3173,0.9,0.99,4.3,3.3173,81.8,-15.303,0.071
0.035,105.0,55.0,0.225,0.18,0.12346,-2.62,2.9012,0.9,0.99,5.0,2.9012,75.95,-15.911,0.071
0.035,105.0,55.0,0.1125,0.18,0.1584,-2.9917,3.0739,0.9,0.99,3.6,3.0739,86.7,-9.284,0.071
0.035,105.0,55.0,0.1125,0.18,0.13976,-3.1454,2.6445,0.9,0.99,4.3,2.6445,79.7,-9.8295,0.071
0.035,105.0,55.0,0.1125,0.18,0.12346,-3.2521,2.2979,0.9,0.99,5.0,2.2979,74.1,-10.489,0.071
0.035,105.0,55.0,0.225,0.06,0.1584,-2.842,3.1693,0.9,0.99,3.6,3.1693,85.8,-10.499,0.071
0.035,105.0,55.0,0.225,0.06,0.13976,-3.0436,2.689,0.9,0.99,4.3,2.689,78.75,-10.911,0.071
0.035,105.0,55.0,0.225,0.06,0.12346,-3.198,2.2838,0.9,0.99,5.0,2.2838,73.1,-11.46,0.071
0.035,105.0,55.0,0.1125,0.06,0.1584,-3.2436,2.7938,0.9,0.99,3.6,2.7938,84.5,-9.0752,0.071
0.035,105.0,55.0,0.1125,0.06,0.13976,-3.3906,2.362,0.9,0.99,4.3,2.362,77.7,-9.6051,0.071
0.035,105.0,55.0,0.1125,0.06,0.12346,-3.492,2.0032,0.9,0.99,5.0,2.0032,72.25,-10.282,0.071
0.035,105.0,55.0,0.225,0.18,0.17424,-2.0216,3.9583,0.9,0.99,3.6,3.9583,88.9,-13.655,0.0781
0.035,105.0,55.0,0.225,0.18,0.15374000000000002,-2.2578,3.4693,0.9,0.99,4.3,3.4693,81.6,-14.014,0.0781
0.035,105.0,55.0,0.225,0.18,0.1358,-2.4457,3.0637,0.9,0.99,5.0,3.0637,75.75,-14.525,0.0781
0.035,105.0,55.0,0.1125,0.18,0.17424,-2.8604,3.1681,0.9,0.99,3.6,3.1681,86.4,-8.7647,0.0781
0.035,105.0,55.0,0.1125,0.18,0.15374000000000002,-3.0131,2.7607,0.9,0.99,4.3,2.7607,79.45,-9.2484,0.0781
0.035,105.0,55.0,0.1125,0.18,0.1358,-3.1091,2.4292,0.9,0.99,5.0,2.4292,73.85,-9.8348,0.0781
0.035,105.0,55.0,0.225,0.06,0.17424,-2.6883,3.3007,0.9,0.99,3.6,3.3007,85.65,-9.9041,0.0781
0.035,105.0,55.0,0.225,0.06,0.15374000000000002,-2.8789,2.8391,0.9,0.99,4.3,2.8391,78.6,-10.262,0.0781
0.035,105.0,55.0,0.225,0.06,0.1358,-3.0161,2.4558,0.9,0.99,5.0,2.4558,72.95,-10.731,0.0781
0.035,105.0,55.0,0.1125,0.06,0.17424,-3.1161,2.8955,0.9,0.99,3.6,2.8955,84.3,-8.5198,0.0781
0.035,105.0,55.0,0.1125,0.06,0.15374000000000002,-3.2478,2.4904,0.9,0.99,4.3,2.4904,77.5,-8.9817,0.0781
0.035,105.0,55.0,0.1125,0.06,0.1358,-3.3326,2.153,0.9,0.99,5.0,2.153,72.05,-9.5539,0.0781
0.035,105.0,55.0,0.25,0.2,0.14256,-3.0468,2.4352,1.0,0.9,3.6,2.4352,82.75,-9.9321,0.0639
0.035,105.0,55.0,0.25,0.2,0.12579,-3.2311,1.9624,1.0,0.9,4.3,1.9624,75.9,-10.385,0.0639
0.035,105.0,55.0,0.25,0.2,0.11111,-3.3106,1.6562,1.0,0.9,5.0,1.6562,70.5,-11.17,0.0639
0.035,105.0,55.0,0.125,0.2,0.14256,-3.807,1.6409,1.0,0.9,3.6,1.6409,79.4,-7.852,0.0639
0.035,105.0,55.0,0.125,0.2,0.12579,-3.8759,1.3037,1.0,0.9,4.3,1.3037,73.05,-8.4704,0.0639
0.035,105.0,55.0,0.125,0.2,0.11111,-3.9062,1.0578,1.0,0.9,5.0,1.0578,67.95,-9.2111,0.0639
0.035,105.0,55.0,0.25,0.06666699999999999,0.14256,-3.5879,1.8055,1.0,0.9,3.6,1.8055,78.35,-8.9179,0.0639
0.035,105.0,55.0,0.25,0.06666699999999999,0.12579,-3.7346,1.3777,1.0,0.9,4.3,1.3777,71.85,-9.4301,0.0639
0.035,105.0,55.0,0.25,0.06666699999999999,0.11111,-3.8028,1.0979,1.0,0.9,5.0,1.0979,66.8,-10.201,0.0639
0.035,105.0,55.0,0.125,0.06666699999999999,0.14256,-3.921,1.4695,1.0,0.9,3.6,1.4695,77.0,-8.2956,0.0639
0.035,105.0,55.0,0.125,0.06666699999999999,0.12579,-4.0045,1.1157,1.0,0.9,4.3,1.1157,70.8,-8.9726,0.0639
0.035,105.0,55.0,0.125,0.06666699999999999,0.11111,-4.0448,0.8652,1.0,0.9,5.0,0.8652,65.9,-9.8117,0.0639
0.035,105.0,55.0,0.25,0.2,0.1584,-2.893,2.5855,1.0,0.9,3.6,2.5855,82.65,-9.1701,0.071
0.035,105.0,55.0,0.25,0.2,0.13976,-3.0494,2.1359,1.0,0.9,4.3,2.1359,75.85,-9.5822,0.071
0.035,105.0,55.0,0.25,0.2,0.12346,-3.1269,1.8326,1.0,0.9,5.0,1.8326,70.35,-10.271,0.071
0.035,105.0,55.0,0.125,0.2,0.1584,-3.6673,1.7601,1.0,0.9,3.6,1.7601,79.2,-7.3095,0.071
0.035,105.0,55.0,0.125,0.2,0.13976,-3.7259,1.4427,1.0,0.9,4.3,1.4427,72.85,-7.8532,0.071
0.035,105.0,55.0,0.125,0.2,0.12346,-3.7347,1.22,1.0,0.9,5.0,1.22,67.8,-8.5094,0.071
0.035,105.0,55.0,0.25,0.06666699999999999,0.1584,-3.4182,1.9612,1.0,0.9,3.6,1.9612,78.3,-8.277000000000001,0.071
0.035,105.0,55.0,0.25,0.06666699999999999,0.13976,-3.5379,1.5653,1.0,0.9,4.3,1.5653,71.85,-8.7128,0.071
0.035,105.0,55.0,0.25,0.06666699999999999,0.12346,-3.5928,1.3017,1.0,0.9,5.0,1.3017,66.75,-9.3778,0.071
0.035,105.0,55.0,0.125,0.06666699999999999,0.1584,-3.779,1.5908,1.0,0.9,3.6,1.5908,76.8,-7.6472,0.071
0.035,105.0,55.0,0.125,0.06666699999999999,0.13976,-3.8349,1.2734,1.0,0.9,4.3,1.2734,70.65,-8.2193,0.071
0.035,105.0,55.0,0.125,0.06666699999999999,0.12346,-3.8599,1.042,1.0,0.9,5.0,1.042,65.75,-8.9316,0.071
0.035,105.0,55.0,0.25,0.2,0.17424,-2.7087,2.7615,1.0,0.9,3.6,2.7615,82.65,-8.7017,0.0781
0.035,105.0,55.0,0.25,0.2,0.15374000000000002,-2.8474,2.3284,1.0,0.9,4.3,2.3284,75.8,-9.1101,0.0781
0.035,105.0,55.0,0.25,0.2,0.1358,-2.9073,2.0438,1.0,0.9,5.0,2.0438,70.3,-9.7436,0.0781
0.035,105.0,55.0,0.125,0.2,0.17424,-3.5212,1.8878,1.0,0.9,3.6,1.8878,79.15,-6.8521,0.0781
0.035,105.0,55.0,0.125,0.2,0.15374000000000002,-3.5716,1.5887,1.0,0.9,4.3,1.5887,72.8,-7.332000000000002,0.0781
0.035,105.0,55.0,0.125,0.2,0.1358,-3.5568,1.3853,1.0,0.9,5.0,1.3853,67.75,-7.9016,0.0781
0.035,105.0,55.0,0.25,0.06666699999999999,0.17424,-3.2754,2.0872,1.0,0.9,3.6,2.0872,78.2,-7.79,0.0781
0.035,105.0,55.0,0.25,0.06666699999999999,0.15374000000000002,-3.3825,1.7112,1.0,0.9,4.3,1.7112,71.75,-8.1761,0.0781
0.035,105.0,55.0,0.25,0.06666699999999999,0.1358,-3.4162,1.47,1.0,0.9,5.0,1.47,66.65,-8.7715,0.0781
0.035,105.0,55.0,0.125,0.06666699999999999,0.17424,-3.6516,1.6992,1.0,0.9,3.6,1.6992,76.65,-7.138,0.0781
0.035,105.0,55.0,0.125,0.06666699999999999,0.15374000000000002,-3.6911,1.4068,1.0,0.9,4.3,1.4068,70.5,-7.6412,0.0781
0.035,105.0,55.0,0.125,0.06666699999999999,0.1358,-3.6983,1.1945,1.0,0.9,5.0,1.1945,65.6,-8.2668,0.0781
0.035,105.0,55.0,0.25,0.2,0.14256,-2.7636,2.9967,1.0,1.0,3.6,2.9967,81.5,-13.31,0.0639
0.035,105.0,55.0,0.25,0.2,0.12579,-3.0262,2.475,1.0,1.0,4.3,2.475,74.85,-13.734000000000002,0.0639
0.035,105.0,55.0,0.25,0.2,0.11111,-3.1637,2.093,1.0,1.0,5.0,2.093,69.5,-14.687,0.0639
0.035,105.0,55.0,0.125,0.2,0.14256,-3.548,2.2462,1.0,1.0,3.6,2.2462,78.9,-9.182,0.0639
0.035,105.0,55.0,0.125,0.2,0.12579,-3.6844,1.8383,1.0,1.0,4.3,1.8383,72.55,-9.8487,0.0639
0.035,105.0,55.0,0.125,0.2,0.11111,-3.7463,1.5185,1.0,1.0,5.0,1.5185,67.5,-10.663,0.0639
0.035,105.0,55.0,0.25,0.06666699999999999,0.14256,-3.3802,2.352,1.0,1.0,3.6,2.352,77.9,-10.439,0.0639
0.035,105.0,55.0,0.25,0.06666699999999999,0.12579,-3.5704,1.8757,1.0,1.0,4.3,1.8757,71.5,-10.925999999999998,0.0639
0.035,105.0,55.0,0.25,0.06666699999999999,0.11111,-3.7079,1.4922,1.0,1.0,5.0,1.4922,66.4,-11.736,0.0639
0.035,105.0,55.0,0.125,0.06666699999999999,0.14256,-3.7487,2.0025,1.0,1.0,3.6,2.0025,76.7,-9.3888,0.0639
0.035,105.0,55.0,0.125,0.06666699999999999,0.12579,-3.8692,1.5918,1.0,1.0,4.3,1.5918,70.5,-10.094,0.0639
0.035,105.0,55.0,0.125,0.06666699999999999,0.11111,-3.9671,1.243,1.0,1.0,5.0,1.243,65.6,-10.988,0.0639
0.035,105.0,55.0,0.25,0.2,0.1584,-2.5701,3.179,1.0,1.0,3.6,3.179,81.4,-12.153,0.071
0.035,105.0,55.0,0.25,0.2,0.13976,-2.8167,2.6758,1.0,1.0,4.3,2.6758,74.7,-12.517,0.071
0.035,105.0,55.0,0.25,0.2,0.12346,-2.9426,2.3036,1.0,1.0,5.0,2.3036,69.35,-13.29,0.071
0.035,105.0,55.0,0.125,0.2,0.1584,-3.3908,2.3817,1.0,1.0,3.6,2.3817,78.7,-8.522,0.071
0.035,105.0,55.0,0.125,0.2,0.13976,-3.5191,1.99,1.0,1.0,4.3,1.99,72.35,-9.1,0.071
0.035,105.0,55.0,0.125,0.2,0.12346,-3.5668,1.6862,1.0,1.0,5.0,1.6862,67.3,-9.802,0.071
0.035,105.0,55.0,0.25,0.06666699999999999,0.1584,-3.1892,2.531,1.0,1.0,3.6,2.531,77.85,-9.6852,0.071
0.035,105.0,55.0,0.25,0.06666699999999999,0.13976,-3.3752,2.0631,1.0,1.0,4.3,2.0631,71.4,-10.081,0.071
0.035,105.0,55.0,0.25,0.06666699999999999,0.12346,-3.4723,1.7194,1.0,1.0,5.0,1.7194,66.35,-10.761,0.071
0.035,105.0,55.0,0.125,0.06666699999999999,0.1584,-3.583,2.1551,1.0,1.0,3.6,2.1551,76.55,-8.6448,0.071
0.035,105.0,55.0,0.125,0.06666699999999999,0.13976,-3.6971,1.7555,1.0,1.0,4.3,1.7555,70.35,-9.23,0.071
0.035,105.0,55.0,0.125,0.06666699999999999,0.12346,-3.7544,1.4455,1.0,1.0,5.0,1.4455,65.45,-9.9698,0.071
0.035,105.0,55.0,0.25,0.2,0.17424,-2.3565,3.3785,1.0,1.0,3.6,3.3785,81.35,-11.482,0.0781
0.035,105.0,55.0,0.25,0.2,0.15374000000000002,-2.584,2.8981,1.0,1.0,4.3,2.8981,74.65,-11.832,0.0781
0.035,105.0,55.0,0.25,0.2,0.1358,-2.6902,2.5447,1.0,1.0,5.0,2.5447,69.3,-12.515999999999998,0.0781
0.035,105.0,55.0,0.125,0.2,0.17424,-3.2233,2.5234,1.0,1.0,3.6,2.5234,78.6,-7.9897,0.0781
0.035,105.0,55.0,0.125,0.2,0.15374000000000002,-3.347,2.1484,1.0,1.0,4.3,2.1484,72.25,-8.486,0.0781
0.035,105.0,55.0,0.125,0.2,0.1358,-3.3755,1.8671,1.0,1.0,5.0,1.8671,67.2,-9.0842,0.0781
0.035,105.0,55.0,0.25,0.06666699999999999,0.17424,-3.0395,2.6673,1.0,1.0,3.6,2.6673,77.7,-9.1066,0.0781
0.035,105.0,55.0,0.25,0.06666699999999999,0.15374000000000002,-3.2063,2.2234,1.0,1.0,4.3,2.2234,71.3,-9.4459,0.0781
0.035,105.0,55.0,0.25,0.06666699999999999,0.1358,-3.2861,1.8944,1.0,1.0,5.0,1.8944,66.2,-10.037,0.0781
0.035,105.0,55.0,0.125,0.06666699999999999,0.17424,-3.4505,2.266,1.0,1.0,3.6,2.266,76.35,-8.0629,0.0781
0.035,105.0,55.0,0.125,0.06666699999999999,0.15374000000000002,-3.5472,1.8927,1.0,1.0,4.3,1.8927,70.2,-8.5669,0.0781
0.035,105.0,55.0,0.125,0.06666699999999999,0.1358,-3.5881,1.6012,1.0,1.0,5.0,1.6012,65.3,-9.2043,0.0781
0.035,105.0,55.0,0.25,0.2,0.14256,-2.6405,3.3982,1.0,1.1,3.6,3.3982,80.45,-18.452,0.0639
0.035,105.0,55.0,0.25,0.2,0.12579,-2.9201,2.847,1.0,1.1,4.3,2.847,73.9,-18.774,0.0639
0.035,105.0,55.0,0.25,0.2,0.11111,-3.144,2.3925,1.0,1.1,5.0,2.3925,68.65,-20.066,0.0639
0.035,105.0,55.0,0.125,0.2,0.14256,-3.3222,2.7795,1.0,1.1,3.6,2.7795,78.4,-10.814,0.0639
0.035,105.0,55.0,0.125,0.2,0.12579,-3.5026,2.3073,1.0,1.1,4.3,2.3073,72.05,-11.481,0.0639
0.035,105.0,55.0,0.125,0.2,0.11111,-3.6387,1.9216,1.0,1.1,5.0,1.9216,67.0,-12.431,0.0639
0.035,105.0,55.0,0.25,0.06666699999999999,0.14256,-3.2008,2.8414,1.0,1.1,3.6,2.8414,77.5,-12.235,0.0639
0.035,105.0,55.0,0.25,0.06666699999999999,0.12579,-3.4522,2.2959,1.0,1.1,4.3,2.2959,71.1,-12.683,0.0639
0.035,105.0,55.0,0.25,0.06666699999999999,0.11111,-3.6277,1.8628,1.0,1.1,5.0,1.8628,66.05,-13.538,0.0639
0.035,105.0,55.0,0.125,0.06666699999999999,0.14256,-3.5488,2.5203,1.0,1.1,3.6,2.5203,76.5,-10.611,0.0639
0.035,105.0,55.0,0.125,0.06666699999999999,0.12579,-3.7451,2.0231,1.0,1.1,4.3,2.0231,70.25,-11.32,0.0639
0.035,105.0,55.0,0.125,0.06666699999999999,0.11111,-3.8722,1.6326,1.0,1.1,5.0,1.6326,65.4,-12.223,0.0639
0.035,105.0,55.0,0.25,0.2,0.1584,-2.3613,3.6599,1.0,1.1,3.6,3.6599,80.35,-16.991,0.071
0.035,105.0,55.0,0.25,0.2,0.13976,-2.6216,3.1327,1.0,1.1,4.3,3.1327,73.8,-17.219,0.071
0.035,105.0,55.0,0.25,0.2,0.12346,-2.8107,2.716,1.0,1.1,5.0,2.716,68.5,-18.152,0.071
0.035,105.0,55.0,0.125,0.2,0.1584,-3.1146,2.9692,1.0,1.1,3.6,2.9692,78.3,-9.9672,0.071
0.035,105.0,55.0,0.125,0.2,0.13976,-3.2818,2.5168,1.0,1.1,4.3,2.5168,71.95,-10.488,0.071
0.035,105.0,55.0,0.125,0.2,0.12346,-3.4027,2.1506,1.0,1.1,5.0,2.1506,66.9,-11.244000000000002,0.071
0.035,105.0,55.0,0.25,0.06666699999999999,0.1584,-2.9788,3.0451,1.0,1.1,3.6,3.0451,77.45,-11.347,0.071
0.035,105.0,55.0,0.25,0.06666699999999999,0.13976,-3.2089,2.5294,1.0,1.1,4.3,2.5294,71.05,-11.679,0.071
0.035,105.0,55.0,0.25,0.06666699999999999,0.12346,-3.3747,2.1086,1.0,1.1,5.0,2.1086,65.95,-12.353,0.071
0.035,105.0,55.0,0.125,0.06666699999999999,0.1584,-3.3742,2.6757,1.0,1.1,3.6,2.6757,76.3,-9.7704,0.071
0.035,105.0,55.0,0.125,0.06666699999999999,0.13976,-3.54,2.2173,1.0,1.1,4.3,2.2173,70.1,-10.336,0.071
0.035,105.0,55.0,0.125,0.06666699999999999,0.12346,-3.6605,1.8355,1.0,1.1,5.0,1.8355,65.2,-11.08,0.071
0.035,105.0,55.0,0.25,0.2,0.17424,-2.1763,3.8251,1.0,1.1,3.6,3.8251,80.2,-15.431,0.0781
0.035,105.0,55.0,0.25,0.2,0.15374000000000002,-2.4227,3.3182,1.0,1.1,4.3,3.3182,73.65,-15.607,0.0781
0.035,105.0,55.0,0.25,0.2,0.1358,-2.6111,2.905,1.0,1.1,5.0,2.905,68.35,-16.33,0.0781
0.035,105.0,55.0,0.125,0.2,0.17424,-2.9763,3.0852,1.0,1.1,3.6,3.0852,78.05,-9.3599,0.0781
0.035,105.0,55.0,0.125,0.2,0.15374000000000002,-3.1394,2.6451,1.0,1.1,4.3,2.6451,71.75,-9.8081,0.0781
0.035,105.0,55.0,0.125,0.2,0.1358,-3.2430000000000003,2.3001,1.0,1.1,5.0,2.3001,66.7,-10.477,0.0781
0.035,105.0,55.0,0.25,0.06666699999999999,0.17424,-2.8154,3.1905,1.0,1.1,3.6,3.1905,77.3,-10.652,0.0781
0.035,105.0,55.0,0.25,0.06666699999999999,0.15374000000000002,-3.0334,2.6929,1.0,1.1,4.3,2.6929,70.9,-10.917,0.0781
0.035,105.0,55.0,0.25,0.06666699999999999,0.1358,-3.1837,2.2902,1.0,1.1,5.0,2.2902,65.8,-11.49,0.0781
0.035,105.0,55.0,0.125,0.06666699999999999,0.17424,-3.2304,2.8006,1.0,1.1,3.6,2.8006,76.1,-9.1134,0.0781
0.035,105.0,55.0,0.125,0.06666699999999999,0.15374000000000002,-3.387,2.3576,1.0,1.1,4.3,2.3576,69.9,-9.5832,0.0781
0.035,105.0,55.0,0.125,0.06666699999999999,0.1358,-3.4760000000000004,2.0118,1.0,1.1,5.0,2.0118,65.05,-10.215,0.0781
