permittivity,f_max,f_min,feed_depth,feed_gap_width,feed_width,substrate_height,patch_length,copper_height,patch_width,resonance,s11,realized_gain,l3vertical,l3horizontal
3.6,3,1,8.0,6.4,3.06,1.3716,32.0,0.035,28.8,2.56,-16.335,1.8291,1.8291,-3.5989
4.3,3,1,8.0,6.4,2.7,1.3716,32.0,0.035,28.8,2.346,-17.487000000000002,1.3193,1.3193,-3.8055
5.0,3,1,8.0,6.4,2.385,1.3716,32.0,0.035,28.8,2.178,-19.855,0.923,0.923,-3.9808
3.6,3,1,4.0,6.4,3.06,1.3716,32.0,0.035,28.8,2.478,-9.3706,1.1656,1.1656,-4.2369
4.3,3,1,4.0,6.4,2.7,1.3716,32.0,0.035,28.8,2.274,-10.164,0.78542,0.78542,-4.3106
5.0,3,1,4.0,6.4,2.385,1.3716,32.0,0.035,28.8,2.114,-11.300999999999998,0.45105,0.45105,-4.4265
3.6,3,1,8.0,2.1333,3.06,1.3716,32.0,0.035,28.8,2.438,-12.242,1.4136,1.4136,-3.8847
4.3,3,1,8.0,2.1333,2.7,1.3716,32.0,0.035,28.8,2.234,-12.921,0.91948,0.91948,-4.0939999999999985
5.0,3,1,8.0,2.1333,2.385,1.3716,32.0,0.035,28.8,2.074,-14.227,0.59642,0.59642,-4.2093
3.6,3,1,4.0,2.1333,3.06,1.3716,32.0,0.035,28.8,2.4,-9.6303,1.0057,1.0057,-4.2994
4.3,3,1,4.0,2.1333,2.7,1.3716,32.0,0.035,28.8,2.202,-10.468,0.60512,0.60512,-4.4105
5.0,3,1,4.0,2.1333,2.385,1.3716,32.0,0.035,28.8,2.046,-11.58,0.27557,0.27557,-4.5292
3.6,3,1,8.0,6.4,3.4,1.524,32.0,0.035,28.8,2.5580000000000003,-14.505,2.0857,2.0857,-3.3362
4.3,3,1,8.0,6.4,3.0,1.524,32.0,0.035,28.8,2.346,-15.418,1.5988,1.5988,-3.52
5.0,3,1,8.0,6.4,2.65,1.524,32.0,0.035,28.8,2.176,-17.167,1.244,1.244,-3.6533
3.6,3,1,4.0,6.4,3.4,1.524,32.0,0.035,28.8,2.474,-8.6516,1.3375,1.3375,-4.0586
4.3,3,1,4.0,6.4,3.0,1.524,32.0,0.035,28.8,2.27,-9.3388,0.95706,0.95706,-4.1332
5.0,3,1,4.0,6.4,2.65,1.524,32.0,0.035,28.8,2.11,-10.331,0.67297,0.67297,-4.1977
3.6,3,1,8.0,2.1333,3.4,1.524,32.0,0.035,28.8,2.436,-11.159,1.615,1.615,-3.6786
4.3,3,1,8.0,2.1333,3.0,1.524,32.0,0.035,28.8,2.232,-11.732,1.1494,1.1494,-3.8586
5.0,3,1,8.0,2.1333,2.65,1.524,32.0,0.035,28.8,2.072,-12.806,0.81825,0.81825,-3.98
3.6,3,1,4.0,2.1333,3.4,1.524,32.0,0.035,28.8,2.394,-8.904,1.1335,1.1335,-4.1663
4.3,3,1,4.0,2.1333,3.0,1.524,32.0,0.035,28.8,2.196,-9.6339,0.7682,0.7682,-4.2408
5.0,3,1,4.0,2.1333,2.65,1.524,32.0,0.035,28.8,2.042,-10.61,0.46488,0.46488,-4.3323
3.6,3,1,8.0,6.4,3.74,1.6764,32.0,0.035,28.8,2.556,-13.325,2.3209,2.3209,-3.0949
4.3,3,1,8.0,6.4,3.3,1.6764,32.0,0.035,28.8,2.344,-14.152,1.8437,1.8437,-3.2681
5.0,3,1,8.0,6.4,2.915,1.6764,32.0,0.035,28.8,2.174,-15.498,1.5116,1.5116,-3.3786
3.6,3,1,4.0,6.4,3.74,1.6764,32.0,0.035,28.8,2.47,-8.1038,1.4764,1.4764,-3.9096
4.3,3,1,4.0,6.4,3.3,1.6764,32.0,0.035,28.8,2.266,-8.7173,1.1208,1.1208,-3.9635
5.0,3,1,4.0,6.4,2.915,1.6764,32.0,0.035,28.8,2.106,-9.5587,0.87095,0.87095,-3.9931
3.6,3,1,8.0,2.1333,3.74,1.6764,32.0,0.035,28.8,2.432,-10.331,1.7706,1.7706,-3.5175
4.3,3,1,8.0,2.1333,3.3,1.6764,32.0,0.035,28.8,2.228,-10.829,1.334,1.334,-3.6674
5.0,3,1,8.0,2.1333,2.915,1.6764,32.0,0.035,28.8,2.068,-11.693,0.97666,0.97666,-3.8132
3.6,3,1,4.0,2.1333,3.74,1.6764,32.0,0.035,28.8,2.388,-8.3555,1.2452,1.2452,-4.0459
4.3,3,1,4.0,2.1333,3.3,1.6764,32.0,0.035,28.8,2.19,-9.015,0.88834,0.88834,-4.1139
5.0,3,1,4.0,2.1333,2.915,1.6764,32.0,0.035,28.8,2.036,-9.8443,0.6076199999999999,0.6076199999999999,-4.1805
3.6,3,1,8.0,6.4,3.06,1.3716,32.0,0.035,32.0,2.522,-29.606,2.2244,2.2244,-3.5219
4.3,3,1,8.0,6.4,2.7,1.3716,32.0,0.035,32.0,2.312,-34.243,1.5845,1.5845,-3.8348
5.0,3,1,8.0,6.4,2.385,1.3716,32.0,0.035,32.0,2.146,-40.387,1.1344,1.1344,-4.0371
3.6,3,1,4.0,6.4,3.06,1.3716,32.0,0.035,32.0,2.46,-11.288,1.7328,1.7328,-4.0163
4.3,3,1,4.0,6.4,2.7,1.3716,32.0,0.035,32.0,2.258,-12.209,1.259,1.259,-4.1499
5.0,3,1,4.0,6.4,2.385,1.3716,32.0,0.035,32.0,2.0980000000000003,-13.602,0.90402,0.90402,-4.25
3.6,3,1,8.0,2.1333,3.06,1.3716,32.0,0.035,32.0,2.424,-15.001,1.9297,1.9297,-3.7234
4.3,3,1,8.0,2.1333,2.7,1.3716,32.0,0.035,32.0,2.222,-15.722,1.3573,1.3573,-3.9643
5.0,3,1,8.0,2.1333,2.385,1.3716,32.0,0.035,32.0,2.062,-17.352,0.84251,0.84251,-4.2411
3.6,3,1,4.0,2.1333,3.06,1.3716,32.0,0.035,32.0,2.392,-11.112,1.5149,1.5149,-4.1514
4.3,3,1,4.0,2.1333,2.7,1.3716,32.0,0.035,32.0,2.194,-12.028,1.0366,1.0366,-4.2911
5.0,3,1,4.0,2.1333,2.385,1.3716,32.0,0.035,32.0,2.0380000000000003,-13.304,0.60263,0.60263,-4.4821
3.6,3,1,8.0,6.4,3.4,1.524,32.0,0.035,32.0,2.518,-23.264,2.4922,2.4922,-3.2437
4.3,3,1,8.0,6.4,3.0,1.524,32.0,0.035,32.0,2.31,-25.065,1.9174,1.9174,-3.4948
5.0,3,1,8.0,6.4,2.65,1.524,32.0,0.035,32.0,2.144,-30.423,1.4678,1.4678,-3.6963
3.6,3,1,4.0,6.4,3.4,1.524,32.0,0.035,32.0,2.456,-10.36,1.9294,1.9294,-3.8119
4.3,3,1,4.0,6.4,3.0,1.524,32.0,0.035,32.0,2.252,-11.135,1.4914,1.4914,-3.9125
5.0,3,1,4.0,6.4,2.65,1.524,32.0,0.035,32.0,2.092,-12.304,1.0992,1.0992,-4.0481
3.6,3,1,8.0,2.1333,3.4,1.524,32.0,0.035,32.0,2.42,-13.539,2.1181,2.1181,-3.5291
4.3,3,1,8.0,2.1333,3.0,1.524,32.0,0.035,32.0,2.218,-14.1,1.5692,1.5692,-3.7476
5.0,3,1,8.0,2.1333,2.65,1.524,32.0,0.035,32.0,2.0580000000000003,-15.352,1.1172,1.1172,-3.9603
3.6,3,1,4.0,2.1333,3.4,1.524,32.0,0.035,32.0,2.386,-10.232,1.6796,1.6796,-3.9783
4.3,3,1,4.0,2.1333,3.0,1.524,32.0,0.035,32.0,2.188,-11.009,1.2157,1.2157,-4.1077
5.0,3,1,4.0,2.1333,2.65,1.524,32.0,0.035,32.0,2.0340000000000003,-12.091,0.83683,0.83683,-4.2432
3.6,3,1,8.0,6.4,3.74,1.6764,32.0,0.035,32.0,2.516,-20.318,2.7531,2.7531,-2.9723
4.3,3,1,8.0,6.4,3.3,1.6764,32.0,0.035,32.0,2.3080000000000003,-21.588,2.2195,2.2195,-3.1856
5.0,3,1,8.0,6.4,2.915,1.6764,32.0,0.035,32.0,2.142,-24.301,1.7701,1.7701,-3.3865
3.6,3,1,4.0,6.4,3.74,1.6764,32.0,0.035,32.0,2.452,-9.6717,2.1094,2.1094,-3.6238
4.3,3,1,4.0,6.4,3.3,1.6764,32.0,0.035,32.0,2.25,-10.347,1.7,1.7,-3.7014
5.0,3,1,4.0,6.4,2.915,1.6764,32.0,0.035,32.0,2.09,-11.306,1.3129,1.3129,-3.8306
3.6,3,1,8.0,2.1333,3.74,1.6764,32.0,0.035,32.0,2.416,-12.451,2.2767,2.2767,-3.3619
4.3,3,1,8.0,2.1333,3.3,1.6764,32.0,0.035,32.0,2.214,-12.907,1.7477,1.7477,-3.5638
5.0,3,1,8.0,2.1333,2.915,1.6764,32.0,0.035,32.0,2.056,-13.848,1.3414,1.3414,-3.7305
3.6,3,1,4.0,2.1333,3.74,1.6764,32.0,0.035,32.0,2.38,-9.5706,1.8221,1.8221,-3.8271
4.3,3,1,4.0,2.1333,3.3,1.6764,32.0,0.035,32.0,2.182,-10.258,1.3737,1.3737,-3.9455
5.0,3,1,4.0,2.1333,2.915,1.6764,32.0,0.035,32.0,2.028,-11.151,1.0269,1.0269,-4.0475
3.6,3,1,8.0,6.4,3.06,1.3716,32.0,0.035,35.2,2.49,-22.885,2.3833,2.3833,-3.6305
4.3,3,1,8.0,6.4,2.7,1.3716,32.0,0.035,35.2,2.2840000000000003,-21.206,1.7625,1.7625,-3.9448
5.0,3,1,8.0,6.4,2.385,1.3716,32.0,0.035,35.2,2.122,-20.045,1.2566,1.2566,-4.1885
3.6,3,1,4.0,6.4,3.06,1.3716,32.0,0.035,35.2,2.442,-13.613,2.2234,2.2234,-3.8167
4.3,3,1,4.0,6.4,2.7,1.3716,32.0,0.035,35.2,2.242,-14.936,1.7032,1.7032,-4.0066
5.0,3,1,4.0,6.4,2.385,1.3716,32.0,0.035,35.2,2.082,-16.487000000000002,1.2083,1.2083,-4.2206
3.6,3,1,8.0,2.1333,3.06,1.3716,32.0,0.035,35.2,2.41,-18.469,2.2816,2.2816,-3.665
4.3,3,1,8.0,2.1333,2.7,1.3716,32.0,0.035,35.2,2.21,-19.843,1.6883,1.6883,-3.9443
5.0,3,1,8.0,2.1333,2.385,1.3716,32.0,0.035,35.2,2.05,-21.303,1.2121,1.2121,-4.149
3.6,3,1,4.0,2.1333,3.06,1.3716,32.0,0.035,35.2,2.382,-12.838,1.9906,1.9906,-3.9745
4.3,3,1,4.0,2.1333,2.7,1.3716,32.0,0.035,35.2,2.186,-13.964,1.4514,1.4514,-4.1879
5.0,3,1,4.0,2.1333,2.385,1.3716,32.0,0.035,35.2,2.03,-15.328,0.9627,0.9627,-4.3973
3.6,3,1,8.0,6.4,3.4,1.524,32.0,0.035,35.2,2.486,-26.68,2.7326,2.7326,-3.2734
4.3,3,1,8.0,6.4,3.0,1.524,32.0,0.035,35.2,2.28,-24.536,2.1691,2.1691,-3.5319
5.0,3,1,8.0,6.4,2.65,1.524,32.0,0.035,35.2,2.1180000000000003,-22.636,1.6151,1.6151,-3.8242
3.6,3,1,4.0,6.4,3.4,1.524,32.0,0.035,35.2,2.438,-12.458,2.4463,2.4463,-3.5891
4.3,3,1,4.0,6.4,3.0,1.524,32.0,0.035,35.2,2.238,-13.452,1.9427,1.9427,-3.7624
5.0,3,1,4.0,6.4,2.65,1.524,32.0,0.035,35.2,2.08,-14.765999999999998,1.5152,1.5152,-3.9104
3.6,3,1,8.0,2.1333,3.4,1.524,32.0,0.035,35.2,2.406,-16.633,2.5313,2.5313,-3.4094
4.3,3,1,8.0,2.1333,3.0,1.524,32.0,0.035,35.2,2.206,-17.497,1.9603,1.9603,-3.6687
5.0,3,1,8.0,2.1333,2.65,1.524,32.0,0.035,35.2,2.048,-18.712,1.4703,1.4703,-3.8856
3.6,3,1,4.0,2.1333,3.4,1.524,32.0,0.035,35.2,2.376,-11.774,2.1998,2.1998,-3.7602
4.3,3,1,4.0,2.1333,3.0,1.524,32.0,0.035,35.2,2.18,-12.637,1.6712,1.6712,-3.9649
5.0,3,1,4.0,2.1333,2.65,1.524,32.0,0.035,35.2,2.026,-13.819,1.2386,1.2386,-4.1172
3.6,3,1,8.0,6.4,3.74,1.6764,32.0,0.035,35.2,2.482,-35.857,3.0239,3.0239,-2.9719
4.3,3,1,8.0,6.4,3.3,1.6764,32.0,0.035,35.2,2.278,-31.675,2.4946,2.4946,-3.1973
5.0,3,1,8.0,6.4,2.915,1.6764,32.0,0.035,35.2,2.114,-27.59,1.9269,1.9269,-3.5047
3.6,3,1,4.0,6.4,3.74,1.6764,32.0,0.035,35.2,2.434,-11.54,2.6191,2.6191,-3.4094
4.3,3,1,4.0,6.4,3.3,1.6764,32.0,0.035,35.2,2.234,-12.374,2.1402,2.1402,-3.5589
5.0,3,1,4.0,6.4,2.915,1.6764,32.0,0.035,35.2,2.074,-13.481,1.7512,1.7512,-3.6687
3.6,3,1,8.0,2.1333,3.74,1.6764,32.0,0.035,35.2,2.404,-15.507,2.7952,2.7952,-3.1385
4.3,3,1,8.0,2.1333,3.3,1.6764,32.0,0.035,35.2,2.204,-16.186,2.2485,2.2485,-3.3749
5.0,3,1,8.0,2.1333,2.915,1.6764,32.0,0.035,35.2,2.046,-17.18,1.7516,1.7516,-3.5988
3.6,3,1,4.0,2.1333,3.74,1.6764,32.0,0.035,35.2,2.372,-10.908,2.3783,2.3783,-3.5780000000000003
4.3,3,1,4.0,2.1333,3.3,1.6764,32.0,0.035,35.2,2.178,-11.632,1.9044,1.9044,-3.7302
5.0,3,1,4.0,2.1333,2.915,1.6764,32.0,0.035,35.2,2.022,-12.604,1.4615,1.4615,-3.8907
3.6,3,1,7.25,5.8,3.06,1.3716,29.0,0.035,26.1,2.822,-14.593,2.0948,2.0948,-3.3372
4.3,3,1,7.25,5.8,2.7,1.3716,29.0,0.035,26.1,2.588,-15.738,1.5793,1.5793,-3.5472
5.0,3,1,7.25,5.8,2.385,1.3716,29.0,0.035,26.1,2.402,-17.549,1.2408,1.2408,-3.6625
3.6,3,1,3.625,5.8,3.06,1.3716,29.0,0.035,26.1,2.73,-8.6928,1.3123,1.3123,-4.0927
4.3,3,1,3.625,5.8,2.7,1.3716,29.0,0.035,26.1,2.506,-9.425,0.95065,0.95065,-4.147
5.0,3,1,3.625,5.8,2.385,1.3716,29.0,0.035,26.1,2.3280000000000003,-10.364,0.6837300000000001,0.6837300000000001,-4.1914
3.6,3,1,7.25,1.9333,3.06,1.3716,29.0,0.035,26.1,2.688,-11.225,1.6048,1.6048,-3.6971
4.3,3,1,7.25,1.9333,2.7,1.3716,29.0,0.035,26.1,2.464,-11.944,1.1572,1.1572,-3.8578
5.0,3,1,7.25,1.9333,2.385,1.3716,29.0,0.035,26.1,2.2880000000000003,-13.047,0.80853,0.80853,-3.9977
3.6,3,1,3.625,1.9333,3.06,1.3716,29.0,0.035,26.1,2.644,-8.9308,1.126,1.126,-4.1829
4.3,3,1,3.625,1.9333,2.7,1.3716,29.0,0.035,26.1,2.426,-9.6639,0.78245,0.78245,-4.2342
5.0,3,1,3.625,1.9333,2.385,1.3716,29.0,0.035,26.1,2.254,-10.636,0.47663,0.47663,-4.3268
3.6,3,1,7.25,5.8,3.4,1.524,29.0,0.035,26.1,2.82,-13.258,2.3369,2.3369,-3.0883
4.3,3,1,7.25,5.8,3.0,1.524,29.0,0.035,26.1,2.5860000000000003,-14.22,1.8585,1.8585,-3.2601
5.0,3,1,7.25,5.8,2.65,1.524,29.0,0.035,26.1,2.398,-15.571,1.5294,1.5294,-3.3657
3.6,3,1,3.625,5.8,3.4,1.524,29.0,0.035,26.1,2.7260000000000004,-8.0823,1.4895,1.4895,-3.9059
4.3,3,1,3.625,5.8,3.0,1.524,29.0,0.035,26.1,2.502,-8.7304,1.1533,1.1533,-3.9383
5.0,3,1,3.625,5.8,2.65,1.524,29.0,0.035,26.1,2.324,-9.5095,0.89875,0.89875,-3.9694
3.6,3,1,7.25,1.9333,3.4,1.524,29.0,0.035,26.1,2.684,-10.300999999999998,1.7768,1.7768,-3.5195
4.3,3,1,7.25,1.9333,3.0,1.524,29.0,0.035,26.1,2.46,-10.917,1.3496,1.3496,-3.6584
5.0,3,1,7.25,1.9333,2.65,1.524,29.0,0.035,26.1,2.2840000000000003,-11.786,1.0207,1.0207,-3.7765
3.6,3,1,3.625,1.9333,3.4,1.524,29.0,0.035,26.1,2.636,-8.3219,1.2494,1.2494,-4.0504
4.3,3,1,3.625,1.9333,3.0,1.524,29.0,0.035,26.1,2.42,-8.982000000000003,0.92341,0.92341,-4.0864
5.0,3,1,3.625,1.9333,2.65,1.524,29.0,0.035,26.1,2.248,-9.7931,0.65493,0.65493,-4.1393
3.6,3,1,7.25,5.8,3.74,1.6764,29.0,0.035,26.1,2.82,-12.101,2.5166,2.5166,-2.9042
4.3,3,1,7.25,5.8,3.3,1.6764,29.0,0.035,26.1,2.584,-12.938,2.0594,2.0594,-3.0524
5.0,3,1,7.25,5.8,2.915,1.6764,29.0,0.035,26.1,2.396,-14.093,1.7367,1.7367,-3.1506
3.6,3,1,3.625,5.8,3.74,1.6764,29.0,0.035,26.1,2.72,-7.6004,1.5947,1.5947,-3.7907
4.3,3,1,3.625,5.8,3.3,1.6764,29.0,0.035,26.1,2.498,-8.1999,1.2932,1.2932,-3.7923
5.0,3,1,3.625,5.8,2.915,1.6764,29.0,0.035,26.1,2.32,-8.9101,1.0468,1.0468,-3.8141
3.6,3,1,7.25,1.9333,3.74,1.6764,29.0,0.035,26.1,2.684,-9.7252,1.9637,1.9637,-3.3295
4.3,3,1,7.25,1.9333,3.3,1.6764,29.0,0.035,26.1,2.46,-10.303,1.5619,1.5619,-3.4415
5.0,3,1,7.25,1.9333,2.915,1.6764,29.0,0.035,26.1,2.282,-11.095999999999998,1.2523,1.2523,-3.5371
3.6,3,1,3.625,1.9333,3.74,1.6764,29.0,0.035,26.1,2.632,-7.7754,1.3905,1.3905,-3.899
4.3,3,1,3.625,1.9333,3.3,1.6764,29.0,0.035,26.1,2.418,-8.3801,1.0911,1.0911,-3.9148
5.0,3,1,3.625,1.9333,2.915,1.6764,29.0,0.035,26.1,2.246,-9.0986,0.8441299999999999,0.8441299999999999,-3.9435
3.6,3,1,7.25,5.8,3.06,1.3716,29.0,0.035,29.0,2.78,-23.458,2.4914,2.4914,-3.2525
4.3,3,1,7.25,5.8,2.7,1.3716,29.0,0.035,29.0,2.55,-26.09,1.9824,1.9824,-3.4371
5.0,3,1,7.25,5.8,2.385,1.3716,29.0,0.035,29.0,2.366,-32.304,1.4572,1.4572,-3.7122
3.6,3,1,3.625,5.8,3.06,1.3716,29.0,0.035,29.0,2.71,-10.407,1.9051,1.9051,-3.8426
4.3,3,1,3.625,5.8,2.7,1.3716,29.0,0.035,29.0,2.488,-11.244000000000002,1.4648,1.4648,-3.9469
5.0,3,1,3.625,5.8,2.385,1.3716,29.0,0.035,29.0,2.31,-12.345,1.0898,1.0898,-4.0621
3.6,3,1,7.25,1.9333,3.06,1.3716,29.0,0.035,29.0,2.672,-13.616,2.1165,2.1165,-3.5405
4.3,3,1,7.25,1.9333,2.7,1.3716,29.0,0.035,29.0,2.45,-14.386,1.6265,1.6265,-3.6971
5.0,3,1,7.25,1.9333,2.385,1.3716,29.0,0.035,29.0,2.274,-15.688,1.1978,1.1978,-3.8852
3.6,3,1,3.625,1.9333,3.06,1.3716,29.0,0.035,29.0,2.634,-10.259,1.6664,1.6664,-4.001
4.3,3,1,3.625,1.9333,2.7,1.3716,29.0,0.035,29.0,2.418,-11.05,1.2316,1.2316,-4.0992
5.0,3,1,3.625,1.9333,2.385,1.3716,29.0,0.035,29.0,2.244,-12.122,0.8386399999999999,0.8386399999999999,-4.2446
3.6,3,1,7.25,5.8,3.4,1.524,29.0,0.035,29.0,2.776,-20.126,2.8007,2.8007,-2.9313
4.3,3,1,7.25,5.8,3.0,1.524,29.0,0.035,29.0,2.546,-21.763,2.2615,2.2615,-3.1501
5.0,3,1,7.25,5.8,2.65,1.524,29.0,0.035,29.0,2.364,-24.538,1.7982,1.7982,-3.363
3.6,3,1,3.625,5.8,3.4,1.524,29.0,0.035,29.0,2.7060000000000004,-9.6376,2.0989,2.0989,-3.6403
4.3,3,1,3.625,5.8,3.0,1.524,29.0,0.035,29.0,2.484,-10.359000000000002,1.6811,1.6811,-3.7268
5.0,3,1,3.625,5.8,2.65,1.524,29.0,0.035,29.0,2.306,-11.241,1.3330000000000002,1.3330000000000002,-3.8139
3.6,3,1,7.25,1.9333,3.4,1.524,29.0,0.035,29.0,2.668,-12.408,2.2941,2.2941,-3.354
4.3,3,1,7.25,1.9333,3.0,1.524,29.0,0.035,29.0,2.446,-13.025,1.8104,1.8104,-3.5073
5.0,3,1,7.25,1.9333,2.65,1.524,29.0,0.035,29.0,2.27,-13.974,1.3932,1.3932,-3.6834
3.6,3,1,3.625,1.9333,3.4,1.524,29.0,0.035,29.0,2.6260000000000003,-9.527,1.8278,1.8278,-3.8293
4.3,3,1,3.625,1.9333,3.0,1.524,29.0,0.035,29.0,2.41,-10.22,1.389,1.389,-3.9366
5.0,3,1,3.625,1.9333,2.65,1.524,29.0,0.035,29.0,2.238,-11.087,1.0114,1.0114,-4.0665
3.6,3,1,7.25,5.8,3.74,1.6764,29.0,0.035,29.0,2.774,-17.68,3.0127,3.0127,-2.7092
4.3,3,1,7.25,5.8,3.3,1.6764,29.0,0.035,29.0,2.544,-18.864,2.4884,2.4884,-2.9161
5.0,3,1,7.25,5.8,2.915,1.6764,29.0,0.035,29.0,2.36,-20.792,2.0606,2.0606,-3.0926
3.6,3,1,3.625,5.8,3.74,1.6764,29.0,0.035,29.0,2.7,-9.0337,2.2392,2.2392,-3.4904
4.3,3,1,3.625,5.8,3.3,1.6764,29.0,0.035,29.0,2.478,-9.6893,1.8459,1.8459,-3.5571
5.0,3,1,3.625,5.8,2.915,1.6764,29.0,0.035,29.0,2.302,-10.475,1.53,1.53,-3.6111
3.6,3,1,7.25,1.9333,3.74,1.6764,29.0,0.035,29.0,2.6660000000000004,-11.69,2.4911,2.4911,-3.1502
4.3,3,1,7.25,1.9333,3.3,1.6764,29.0,0.035,29.0,2.444,-12.255,2.0256,2.0256,-3.2878
5.0,3,1,7.25,1.9333,2.915,1.6764,29.0,0.035,29.0,2.266,-13.097,1.6175,1.6175,-3.4530000000000003
3.6,3,1,3.625,1.9333,3.74,1.6764,29.0,0.035,29.0,2.622,-8.8958,1.9728,1.9728,-3.6786
4.3,3,1,3.625,1.9333,3.3,1.6764,29.0,0.035,29.0,2.408,-9.5222,1.5802,1.5802,-3.7434
5.0,3,1,3.625,1.9333,2.915,1.6764,29.0,0.035,29.0,2.236,-10.278,1.2307,1.2307,-3.8432
3.6,3,1,7.25,5.8,3.06,1.3716,29.0,0.035,31.9,2.744,-25.36,2.7446,2.7446,-3.2691
4.3,3,1,7.25,5.8,2.7,1.3716,29.0,0.035,31.9,2.518,-24.536,2.138,2.138,-3.5649
5.0,3,1,7.25,5.8,2.385,1.3716,29.0,0.035,31.9,2.338,-21.945,1.596,1.596,-3.8462
3.6,3,1,3.625,5.8,3.06,1.3716,29.0,0.035,31.9,2.694,-12.638,2.4603,2.4603,-3.5836
4.3,3,1,3.625,5.8,2.7,1.3716,29.0,0.035,31.9,2.47,-13.493,1.9379,1.9379,-3.7691
5.0,3,1,3.625,5.8,2.385,1.3716,29.0,0.035,31.9,2.296,-14.94,1.5198,1.5198,-3.9083
3.6,3,1,7.25,1.9333,3.06,1.3716,29.0,0.035,31.9,2.658,-17.092,2.5378,2.5378,-3.4098
4.3,3,1,7.25,1.9333,2.7,1.3716,29.0,0.035,31.9,2.436,-17.58,1.9336,1.9336,-3.6976
5.0,3,1,7.25,1.9333,2.385,1.3716,29.0,0.035,31.9,2.262,-19.202,1.4329,1.4329,-3.9256
3.6,3,1,3.625,1.9333,3.06,1.3716,29.0,0.035,31.9,2.6260000000000003,-11.861,2.1967,2.1967,-3.7713
4.3,3,1,3.625,1.9333,2.7,1.3716,29.0,0.035,31.9,2.408,-12.671,1.6497,1.6497,-3.9896
5.0,3,1,3.625,1.9333,2.385,1.3716,29.0,0.035,31.9,2.238,-13.892,1.1969,1.1969,-4.162
3.6,3,1,7.25,5.8,3.4,1.524,29.0,0.035,31.9,2.74,-34.954,3.0404,3.0404,-2.9606
4.3,3,1,7.25,5.8,3.0,1.524,29.0,0.035,31.9,2.514,-32.902,2.4623,2.4623,-3.2306
5.0,3,1,7.25,5.8,2.65,1.524,29.0,0.035,31.9,2.334,-27.462,1.9731,1.9731,-3.4606
3.6,3,1,3.625,5.8,3.4,1.524,29.0,0.035,31.9,2.688,-11.599,2.6361,2.6361,-3.4002
4.3,3,1,3.625,5.8,3.0,1.524,29.0,0.035,31.9,2.466,-12.298,2.1427,2.1427,-3.5581
5.0,3,1,3.625,5.8,2.65,1.524,29.0,0.035,31.9,2.29,-13.489,1.7313,1.7313,-3.6912
3.6,3,1,7.25,1.9333,3.4,1.524,29.0,0.035,31.9,2.654,-15.698,2.8184,2.8184,-3.1211
4.3,3,1,7.25,1.9333,3.0,1.524,29.0,0.035,31.9,2.432,-16.067999999999998,2.2366,2.2366,-3.3886
5.0,3,1,7.25,1.9333,2.65,1.524,29.0,0.035,31.9,2.258,-17.332,1.7637,1.7637,-3.5888
3.6,3,1,3.625,1.9333,3.4,1.524,29.0,0.035,31.9,2.62,-10.915,2.3825,2.3825,-3.5805
4.3,3,1,3.625,1.9333,3.0,1.524,29.0,0.035,31.9,2.404,-11.566,1.8987,1.8987,-3.7376
5.0,3,1,3.625,1.9333,2.65,1.524,29.0,0.035,31.9,2.234,-12.572,1.4686,1.4686,-3.8869
3.6,3,1,7.25,5.8,3.74,1.6764,29.0,0.035,31.9,2.736,-37.073,3.2943,3.2943,-2.6935
4.3,3,1,7.25,5.8,3.3,1.6764,29.0,0.035,31.9,2.51,-39.825,2.7396,2.7396,-2.9431
5.0,3,1,7.25,5.8,2.915,1.6764,29.0,0.035,31.9,2.33,-42.756,2.2937,2.2937,-3.1318
3.6,3,1,3.625,5.8,3.74,1.6764,29.0,0.035,31.9,2.682,-10.815,2.7902,2.7902,-3.2346
4.3,3,1,3.625,5.8,3.3,1.6764,29.0,0.035,31.9,2.46,-11.416,2.3109,2.3109,-3.3827
5.0,3,1,3.625,5.8,2.915,1.6764,29.0,0.035,31.9,2.286,-12.369000000000002,1.9223,1.9223,-3.4959
3.6,3,1,7.25,1.9333,3.74,1.6764,29.0,0.035,31.9,2.648,-14.267,2.974,2.974,-2.9573
4.3,3,1,7.25,1.9333,3.3,1.6764,29.0,0.035,31.9,2.428,-14.529000000000002,2.4271,2.4271,-3.1919
5.0,3,1,7.25,1.9333,2.915,1.6764,29.0,0.035,31.9,2.254,-15.395,1.9717,1.9717,-3.375
3.6,3,1,3.625,1.9333,3.74,1.6764,29.0,0.035,31.9,2.614,-10.206,2.4952,2.4952,-3.4615
4.3,3,1,3.625,1.9333,3.3,1.6764,29.0,0.035,31.9,2.396,-10.773,2.0288,2.0288,-3.6
5.0,3,1,3.625,1.9333,2.915,1.6764,29.0,0.035,31.9,2.226,-11.586,1.6443,1.6443,-3.7057
3.6,30,10,0.8,0.64,0.306,0.13716,3.2,0.035,2.88,25.86,-14.624,1.7548,1.7548,-3.7357
4.3,30,10,0.8,0.64,0.27,0.13716,3.2,0.035,2.88,23.72,-15.809,1.2559,1.2559,-3.9255
5.0,30,10,0.8,0.64,0.2385,0.13716,3.2,0.035,2.88,22.02,-17.129,0.81652,0.81652,-4.1389
3.6,30,10,0.4,0.64,0.306,0.13716,3.2,0.035,2.88,25.0,-9.7481,1.122,1.122,-4.3461
4.3,30,10,0.4,0.64,0.27,0.13716,3.2,0.035,2.88,22.94,-10.68,0.66685,0.66685,-4.4955
5.0,30,10,0.4,0.64,0.2385,0.13716,3.2,0.035,2.88,21.34,-11.878,0.32996,0.32996,-4.6069
3.6,30,10,0.8,0.21333,0.306,0.13716,3.2,0.035,2.88,24.6,-11.7,1.2611,1.2611,-4.1144
4.3,30,10,0.8,0.21333,0.27,0.13716,3.2,0.035,2.88,22.56,-12.629,0.7872600000000001,0.7872600000000001,-4.2933
5.0,30,10,0.8,0.21333,0.2385,0.13716,3.2,0.035,2.88,20.94,-13.715,0.34795,0.34795,-4.5196
3.6,30,10,0.4,0.21333,0.306,0.13716,3.2,0.035,2.88,24.22,-10.213,0.90716,0.90716,-4.4752
4.3,30,10,0.4,0.21333,0.27,0.13716,3.2,0.035,2.88,22.22,-11.29,0.46513,0.46513,-4.6201
5.0,30,10,0.4,0.21333,0.2385,0.13716,3.2,0.035,2.88,20.68,-12.552,0.10547,0.10547,-4.7671
3.6,30,10,0.8,0.64,0.34,0.1524,3.2,0.035,2.88,25.84,-13.121,2.0198,2.0198,-3.4674
4.3,30,10,0.8,0.64,0.3,0.1524,3.2,0.035,2.88,23.7,-14.056,1.5319,1.5319,-3.6456
5.0,30,10,0.8,0.64,0.265,0.1524,3.2,0.035,2.88,22.02,-15.091,1.1357,1.1357,-3.8155
3.6,30,10,0.4,0.64,0.34,0.1524,3.2,0.035,2.88,24.94,-8.941,1.2841,1.2841,-4.1754
4.3,30,10,0.4,0.64,0.3,0.1524,3.2,0.035,2.88,22.9,-9.7231,0.87774,0.87774,-4.2802
5.0,30,10,0.4,0.64,0.265,0.1524,3.2,0.035,2.88,21.3,-10.735,0.59129,0.59129,-4.3398
3.6,30,10,0.8,0.21333,0.34,0.1524,3.2,0.035,2.88,24.56,-10.667,1.4737,1.4737,-3.8956
4.3,30,10,0.8,0.21333,0.3,0.1524,3.2,0.035,2.88,22.52,-11.436,1.0349,1.0349,-4.0413
5.0,30,10,0.8,0.21333,0.265,0.1524,3.2,0.035,2.88,20.9,-12.333,0.58586,0.58586,-4.2764
3.6,30,10,0.4,0.21333,0.34,0.1524,3.2,0.035,2.88,24.16,-9.3957,1.0628,1.0628,-4.308
4.3,30,10,0.4,0.21333,0.3,0.1524,3.2,0.035,2.88,22.16,-10.314,0.63832,0.63832,-4.4413
5.0,30,10,0.4,0.21333,0.265,0.1524,3.2,0.035,2.88,20.62,-11.4,0.31002,0.31002,-4.5559
3.6,30,10,0.8,0.64,0.374,0.16764,3.2,0.035,2.88,25.82,-12.169,2.2659,2.2659,-3.2161
4.3,30,10,0.8,0.64,0.33,0.16764,3.2,0.035,2.88,23.68,-12.982,1.7886,1.7886,-3.3839
5.0,30,10,0.8,0.64,0.2915,0.16764,3.2,0.035,2.88,22.0,-13.909,1.4409999999999998,1.4409999999999998,-3.5045
3.6,30,10,0.4,0.64,0.374,0.16764,3.2,0.035,2.88,24.9,-8.3126,1.4494,1.4494,-4.0031
4.3,30,10,0.4,0.64,0.33,0.16764,3.2,0.035,2.88,22.86,-8.9805,1.0702,1.0702,-4.0831
5.0,30,10,0.4,0.64,0.2915,0.16764,3.2,0.035,2.88,21.28,-9.865,0.8274100000000001,0.8274100000000001,-4.099
3.6,30,10,0.8,0.21333,0.374,0.16764,3.2,0.035,2.88,24.52,-9.8809,1.6455,1.6455,-3.7156
4.3,30,10,0.8,0.21333,0.33,0.16764,3.2,0.035,2.88,22.48,-10.547,1.2113,1.2113,-3.86
5.0,30,10,0.8,0.21333,0.2915,0.16764,3.2,0.035,2.88,20.88,-11.32,0.80385,0.80385,-4.0534
3.6,30,10,0.4,0.21333,0.374,0.16764,3.2,0.035,2.88,24.1,-8.7737,1.1952,1.1952,-4.1644
4.3,30,10,0.4,0.21333,0.33,0.16764,3.2,0.035,2.88,22.1,-9.592,0.7862600000000001,0.7862600000000001,-4.2874
5.0,30,10,0.4,0.21333,0.2915,0.16764,3.2,0.035,2.88,20.56,-10.542,0.49069,0.49069,-4.3682
3.6,30,10,0.8,0.64,0.306,0.13716,3.2,0.035,3.2,25.5,-22.766,2.2004,2.2004,-3.5926
4.3,30,10,0.8,0.64,0.27,0.13716,3.2,0.035,3.2,23.4,-25.293000000000006,1.5484,1.5484,-3.9387
5.0,30,10,0.8,0.64,0.2385,0.13716,3.2,0.035,3.2,21.74,-28.63,1.091,1.091,-4.1407
3.6,30,10,0.4,0.64,0.306,0.13716,3.2,0.035,3.2,24.84,-11.653,1.6666,1.6666,-4.1483
4.3,30,10,0.4,0.64,0.27,0.13716,3.2,0.035,3.2,22.78,-12.741,1.165,1.165,-4.3248
5.0,30,10,0.4,0.64,0.2385,0.13716,3.2,0.035,3.2,21.2,-14.218,0.7501399999999999,0.7501399999999999,-4.4756
3.6,30,10,0.8,0.21333,0.306,0.13716,3.2,0.035,3.2,24.46,-14.077,1.7518,1.7518,-3.9744
4.3,30,10,0.8,0.21333,0.27,0.13716,3.2,0.035,3.2,22.44,-15.144,1.1917,1.1917,-4.211
5.0,30,10,0.8,0.21333,0.2385,0.13716,3.2,0.035,3.2,20.84,-16.394000000000002,0.65935,0.65935,-4.4938
3.6,30,10,0.4,0.21333,0.306,0.13716,3.2,0.035,3.2,24.14,-11.725,1.41,1.41,-4.3345
4.3,30,10,0.4,0.21333,0.27,0.13716,3.2,0.035,3.2,22.14,-12.924,0.872,0.872,-4.5396
5.0,30,10,0.4,0.21333,0.2385,0.13716,3.2,0.035,3.2,20.6,-14.390999999999998,0.43835,0.43835,-4.7202
3.6,30,10,0.8,0.64,0.34,0.1524,3.2,0.035,3.2,25.46,-19.309,2.4718,2.4718,-3.3141
4.3,30,10,0.8,0.64,0.3,0.1524,3.2,0.035,3.2,23.36,-20.821,1.8811,1.8811,-3.6018
5.0,30,10,0.8,0.64,0.265,0.1524,3.2,0.035,3.2,21.7,-22.612,1.4083,1.4083,-3.8186
3.6,30,10,0.4,0.64,0.34,0.1524,3.2,0.035,3.2,24.78,-10.623,1.8841,1.8841,-3.923
4.3,30,10,0.4,0.64,0.3,0.1524,3.2,0.035,3.2,22.74,-11.509,1.4173,1.4173,-4.0677
5.0,30,10,0.4,0.64,0.265,0.1524,3.2,0.035,3.2,21.14,-12.698,0.98728,0.98728,-4.2333
3.6,30,10,0.8,0.21333,0.34,0.1524,3.2,0.035,3.2,24.42,-12.733,1.9671,1.9671,-3.7529
4.3,30,10,0.8,0.21333,0.3,0.1524,3.2,0.035,3.2,22.4,-13.563,1.4332,1.4332,-3.9658
5.0,30,10,0.8,0.21333,0.265,0.1524,3.2,0.035,3.2,20.8,-14.543,0.96174,0.96174,-4.1873
3.6,30,10,0.4,0.21333,0.34,0.1524,3.2,0.035,3.2,24.08,-10.733,1.6030000000000002,1.6030000000000002,-4.1346
4.3,30,10,0.4,0.21333,0.3,0.1524,3.2,0.035,3.2,22.1,-11.724,1.1061,1.1061,-4.3025
5.0,30,10,0.4,0.21333,0.265,0.1524,3.2,0.035,3.2,20.54,-12.938,0.70121,0.70121,-4.4526
3.6,30,10,0.8,0.64,0.374,0.16764,3.2,0.035,3.2,25.44,-17.444000000000006,2.7411,2.7411,-3.0369
4.3,30,10,0.8,0.64,0.33,0.16764,3.2,0.035,3.2,23.34,-18.587,2.1943,2.1943,-3.2831
5.0,30,10,0.8,0.64,0.2915,0.16764,3.2,0.035,3.2,21.68,-19.962,1.7303,1.7303,-3.4908
3.6,30,10,0.4,0.64,0.374,0.16764,3.2,0.035,3.2,24.74,-9.8468,2.0765,2.0765,-3.7223
4.3,30,10,0.4,0.64,0.33,0.16764,3.2,0.035,3.2,22.7,-10.581,1.612,1.612,-3.8658
5.0,30,10,0.4,0.64,0.2915,0.16764,3.2,0.035,3.2,21.12,-11.598,1.2426,1.2426,-3.975
3.6,30,10,0.8,0.21333,0.374,0.16764,3.2,0.035,3.2,24.38,-11.736,2.1451,2.1451,-3.5679
4.3,30,10,0.8,0.21333,0.33,0.16764,3.2,0.035,3.2,22.36,-12.424,1.6341,1.6341,-3.76
5.0,30,10,0.8,0.21333,0.2915,0.16764,3.2,0.035,3.2,20.76,-13.231,1.2147,1.2147,-3.9299
3.6,30,10,0.4,0.21333,0.374,0.16764,3.2,0.035,3.2,24.02,-9.9858,1.7663,1.7663,-3.9639
4.3,30,10,0.4,0.21333,0.33,0.16764,3.2,0.035,3.2,22.04,-10.848,1.2879,1.2879,-4.1138
5.0,30,10,0.4,0.21333,0.2915,0.16764,3.2,0.035,3.2,20.5,-11.886,0.93162,0.93162,-4.2183
3.6,30,10,0.8,0.64,0.306,0.13716,3.2,0.035,3.52,25.18,-30.854,2.386,2.386,-3.6849
4.3,30,10,0.8,0.64,0.27,0.13716,3.2,0.035,3.52,23.12,-27.47,1.7326,1.7326,-4.0298
5.0,30,10,0.8,0.64,0.2385,0.13716,3.2,0.035,3.52,21.48,-25.25,1.2166,1.2166,-4.2957
3.6,30,10,0.4,0.64,0.306,0.13716,3.2,0.035,3.52,24.66,-13.998,2.1365,2.1365,-3.9802
4.3,30,10,0.4,0.64,0.27,0.13716,3.2,0.035,3.52,22.66,-15.375,1.5938,1.5938,-4.1868
5.0,30,10,0.4,0.64,0.2385,0.13716,3.2,0.035,3.52,21.04,-17.214000000000002,1.087,1.087,-4.4226
3.6,30,10,0.8,0.21333,0.306,0.13716,3.2,0.035,3.52,24.34,-17.088,2.151,2.151,-3.8761
4.3,30,10,0.8,0.21333,0.27,0.13716,3.2,0.035,3.52,22.32,-18.307,1.5413,1.5413,-4.1649
5.0,30,10,0.8,0.21333,0.2385,0.13716,3.2,0.035,3.52,20.72,-19.911,0.9899,0.9899,-4.4487
3.6,30,10,0.4,0.21333,0.306,0.13716,3.2,0.035,3.52,24.06,-13.479,1.8949,1.8949,-4.158
4.3,30,10,0.4,0.21333,0.27,0.13716,3.2,0.035,3.52,22.08,-14.764,1.3214,1.3214,-4.396
5.0,30,10,0.4,0.21333,0.2385,0.13716,3.2,0.035,3.52,20.52,-16.545,0.82688,0.82688,-4.6157
3.6,30,10,0.8,0.64,0.34,0.1524,3.2,0.035,3.52,25.14,-43.908,2.7439,2.7439,-3.3172
4.3,30,10,0.8,0.64,0.3,0.1524,3.2,0.035,3.52,23.08,-35.54400000000001,2.1455,2.1455,-3.6107
5.0,30,10,0.8,0.64,0.265,0.1524,3.2,0.035,3.52,21.44,-30.968000000000004,1.6032,1.6032,-3.9025
3.6,30,10,0.4,0.64,0.34,0.1524,3.2,0.035,3.52,24.62,-12.681,2.393,2.393,-3.7144
4.3,30,10,0.4,0.64,0.3,0.1524,3.2,0.035,3.52,22.62,-13.764,1.876,1.876,-3.9001
5.0,30,10,0.4,0.64,0.265,0.1524,3.2,0.035,3.52,21.02,-15.123,1.4402,1.4402,-4.0667
3.6,30,10,0.8,0.21333,0.34,0.1524,3.2,0.035,3.52,24.3,-15.416,2.419,2.419,-3.6011
4.3,30,10,0.8,0.21333,0.3,0.1524,3.2,0.035,3.52,22.28,-16.305999999999994,1.8421,1.8421,-3.8588
5.0,30,10,0.8,0.21333,0.265,0.1524,3.2,0.035,3.52,20.68,-17.437,1.257,1.257,-4.1763
3.6,30,10,0.4,0.21333,0.34,0.1524,3.2,0.035,3.52,24.0,-12.288,2.1304,2.1304,-3.9134
4.3,30,10,0.4,0.21333,0.3,0.1524,3.2,0.035,3.52,22.04,-13.331,1.5844,1.5844,-4.129
5.0,30,10,0.4,0.21333,0.265,0.1524,3.2,0.035,3.52,20.48,-14.73,1.0947,1.0947,-4.3442
3.6,30,10,0.8,0.64,0.374,0.16764,3.2,0.035,3.52,25.12,-31.104,3.0325,3.0325,-3.018
4.3,30,10,0.8,0.64,0.33,0.16764,3.2,0.035,3.52,23.06,-35.099000000000004,2.4719,2.4719,-3.2771
5.0,30,10,0.8,0.64,0.2915,0.16764,3.2,0.035,3.52,21.42,-40.878,1.9318,1.9318,-3.5666
3.6,30,10,0.4,0.64,0.374,0.16764,3.2,0.035,3.52,24.58,-11.689,2.5848,2.5848,-3.5125
4.3,30,10,0.4,0.64,0.33,0.16764,3.2,0.035,3.52,22.56,-12.584,2.09,2.09,-3.6802
5.0,30,10,0.4,0.64,0.2915,0.16764,3.2,0.035,3.52,20.98,-13.693,1.6737,1.6737,-3.8295
3.6,30,10,0.8,0.21333,0.374,0.16764,3.2,0.035,3.52,24.28,-14.351,2.6991,2.6991,-3.3134
4.3,30,10,0.8,0.21333,0.33,0.16764,3.2,0.035,3.52,22.26,-15.042,2.1508,2.1508,-3.5453
5.0,30,10,0.8,0.21333,0.2915,0.16764,3.2,0.035,3.52,20.66,-15.921,1.5802,1.5802,-3.8483
3.6,30,10,0.4,0.21333,0.374,0.16764,3.2,0.035,3.52,23.96,-11.255999999999998,2.3214,2.3214,-3.7141
4.3,30,10,0.4,0.21333,0.33,0.16764,3.2,0.035,3.52,22.0,-12.093,1.8441,1.8441,-3.8658
5.0,30,10,0.4,0.21333,0.2915,0.16764,3.2,0.035,3.52,20.44,-13.175999999999998,1.3368,1.3368,-4.0991
3.6,30,10,0.725,0.58,0.306,0.13716,2.9,0.035,2.61,28.52,-13.137,2.029,2.029,-3.4703
4.3,30,10,0.725,0.58,0.27,0.13716,2.9,0.035,2.61,26.16,-14.035,1.4977,1.4977,-3.6885
5.0,30,10,0.725,0.58,0.2385,0.13716,2.9,0.035,2.61,24.28,-15.365,1.126,1.126,-3.8317
3.6,30,10,0.3625,0.58,0.306,0.13716,2.9,0.035,2.61,27.52,-9.0135,1.2778,1.2778,-4.194
4.3,30,10,0.3625,0.58,0.27,0.13716,2.9,0.035,2.61,25.3,-9.8139,0.88976,0.88976,-4.2799
5.0,30,10,0.3625,0.58,0.2385,0.13716,2.9,0.035,2.61,23.52,-10.843,0.60647,0.60647,-4.333
3.6,30,10,0.725,0.19333,0.306,0.13716,2.9,0.035,2.61,27.1,-10.715,1.4469999999999998,1.4469999999999998,-3.9334
4.3,30,10,0.725,0.19333,0.27,0.13716,2.9,0.035,2.61,24.86,-11.465,0.98194,0.98194,-4.1033
5.0,30,10,0.725,0.19333,0.2385,0.13716,2.9,0.035,2.61,23.08,-12.515,0.61356,0.61356,-4.2567
3.6,30,10,0.3625,0.19333,0.306,0.13716,2.9,0.035,2.61,26.66,-9.4619,1.0437,1.0437,-4.3389
4.3,30,10,0.3625,0.19333,0.27,0.13716,2.9,0.035,2.61,24.5,-10.329,0.6855100000000001,0.6855100000000001,-4.4064
5.0,30,10,0.3625,0.19333,0.2385,0.13716,2.9,0.035,2.61,22.78,-11.415,0.35715,0.35715,-4.5175
3.6,30,10,0.725,0.58,0.34,0.1524,2.9,0.035,2.61,28.5,-12.068,2.2989,2.2989,-3.1965
4.3,30,10,0.725,0.58,0.3,0.1524,2.9,0.035,2.61,26.14,-12.833,1.7877,1.7877,-3.3933
5.0,30,10,0.725,0.58,0.265,0.1524,2.9,0.035,2.61,24.26,-13.947,1.4537,1.4537,-3.4978
3.6,30,10,0.3625,0.58,0.34,0.1524,2.9,0.035,2.61,27.48,-8.3078,1.4681,1.4681,-3.9968
4.3,30,10,0.3625,0.58,0.3,0.1524,2.9,0.035,2.61,25.26,-8.9898,1.1145,1.1145,-4.0504
5.0,30,10,0.3625,0.58,0.265,0.1524,2.9,0.035,2.61,23.48,-9.8729,0.8452,0.8452,-4.0882
3.6,30,10,0.725,0.19333,0.34,0.1524,2.9,0.035,2.61,27.06,-9.8418,1.6364,1.6364,-3.7364
4.3,30,10,0.725,0.19333,0.3,0.1524,2.9,0.035,2.61,24.82,-10.48,1.1943,1.1943,-3.886
5.0,30,10,0.725,0.19333,0.265,0.1524,2.9,0.035,2.61,23.04,-11.378,0.85841,0.85841,-4.0057
3.6,30,10,0.3625,0.19333,0.34,0.1524,2.9,0.035,2.61,26.58,-8.7642,1.1903,1.1903,-4.1795
4.3,30,10,0.3625,0.19333,0.3,0.1524,2.9,0.035,2.61,24.42,-9.5261,0.81983,0.81983,-4.265
5.0,30,10,0.3625,0.19333,0.265,0.1524,2.9,0.035,2.61,22.72,-10.470999999999998,0.5519,0.5519,-4.3157
3.6,30,10,0.725,0.58,0.374,0.16764,2.9,0.035,2.61,28.48,-11.122,2.4792,2.4792,-3.0108
4.3,30,10,0.725,0.58,0.33,0.16764,2.9,0.035,2.61,26.12,-11.767,1.9955,1.9955,-3.1804
5.0,30,10,0.725,0.58,0.2915,0.16764,2.9,0.035,2.61,24.24,-12.732,1.6825,1.6825,-3.2627
3.6,30,10,0.3625,0.58,0.374,0.16764,2.9,0.035,2.61,27.42,-7.7861,1.5935,1.5935,-3.8623
4.3,30,10,0.3625,0.58,0.33,0.16764,2.9,0.035,2.61,25.2,-8.3982,1.2529,1.2529,-3.9051
5.0,30,10,0.3625,0.58,0.2915,0.16764,2.9,0.035,2.61,23.44,-9.1876,1.0142,1.0142,-3.9126
3.6,30,10,0.725,0.19333,0.374,0.16764,2.9,0.035,2.61,27.04,-9.2706,1.8404,1.8404,-3.5245
4.3,30,10,0.725,0.19333,0.33,0.16764,2.9,0.035,2.61,24.8,-9.8274,1.4223,1.4223,-3.6538
5.0,30,10,0.725,0.19333,0.2915,0.16764,2.9,0.035,2.61,23.04,-10.623,1.119,1.119,-3.7402
3.6,30,10,0.3625,0.19333,0.374,0.16764,2.9,0.035,2.61,26.54,-8.1209,1.3651,1.3651,-3.998
4.3,30,10,0.3625,0.19333,0.33,0.16764,2.9,0.035,2.61,24.4,-8.7805,1.0222,1.0222,-4.0595
5.0,30,10,0.3625,0.19333,0.2915,0.16764,2.9,0.035,2.61,22.7,-9.6029,0.77457,0.77457,-4.0882
3.6,30,10,0.725,0.58,0.306,0.13716,2.9,0.035,2.9,28.1,-19.284,2.4363,2.4363,-3.3579
4.3,30,10,0.725,0.58,0.27,0.13716,2.9,0.035,2.9,25.8,-20.714,1.8825,1.8825,-3.6093
5.0,30,10,0.725,0.58,0.2385,0.13716,2.9,0.035,2.9,23.96,-23.287,1.4216,1.4216,-3.8117
3.6,30,10,0.3625,0.58,0.306,0.13716,2.9,0.035,2.9,27.34,-10.702,1.8465,1.8465,-3.9694
4.3,30,10,0.3625,0.58,0.27,0.13716,2.9,0.035,2.9,25.12,-11.623,1.3809,1.3809,-4.1155
5.0,30,10,0.3625,0.58,0.2385,0.13716,2.9,0.035,2.9,23.36,-12.845,1.0027,1.0027,-4.2263
3.6,30,10,0.725,0.19333,0.306,0.13716,2.9,0.035,2.9,26.94,-12.775,1.9428,1.9428,-3.7853
4.3,30,10,0.725,0.19333,0.27,0.13716,2.9,0.035,2.9,24.72,-13.578,1.4265,1.4265,-3.9818
5.0,30,10,0.725,0.19333,0.2385,0.13716,2.9,0.035,2.9,22.96,-14.791,0.98099,0.98099,-4.1753
3.6,30,10,0.3625,0.19333,0.306,0.13716,2.9,0.035,2.9,26.58,-10.803,1.5819,1.5819,-4.1649
4.3,30,10,0.3625,0.19333,0.27,0.13716,2.9,0.035,2.9,24.4,-11.749,1.0986,1.0986,-4.3205
5.0,30,10,0.3625,0.19333,0.2385,0.13716,2.9,0.035,2.9,22.7,-12.973,0.72415,0.72415,-4.4382
3.6,30,10,0.725,0.58,0.34,0.1524,2.9,0.035,2.9,28.06,-17.203,2.7474,2.7474,-3.0381
4.3,30,10,0.725,0.58,0.3,0.1524,2.9,0.035,2.9,25.76,-18.251,2.236,2.236,-3.2509
5.0,30,10,0.725,0.58,0.265,0.1524,2.9,0.035,2.9,23.92,-20.035,1.7582,1.7582,-3.4691
3.6,30,10,0.3625,0.58,0.34,0.1524,2.9,0.035,2.9,27.28,-9.8258,2.0592,2.0592,-3.7459
4.3,30,10,0.3625,0.58,0.3,0.1524,2.9,0.035,2.9,25.08,-10.589,1.625,1.625,-3.865
5.0,30,10,0.3625,0.58,0.265,0.1524,2.9,0.035,2.9,23.32,-11.605,1.2785,1.2785,-3.9464
3.6,30,10,0.725,0.19333,0.34,0.1524,2.9,0.035,2.9,26.9,-11.674,2.1448,2.1448,-3.5763
4.3,30,10,0.725,0.19333,0.3,0.1524,2.9,0.035,2.9,24.68,-12.322,1.6402,1.6402,-3.7635
5.0,30,10,0.725,0.19333,0.265,0.1524,2.9,0.035,2.9,22.92,-13.307,1.2165,1.2165,-3.9352
3.6,30,10,0.3625,0.19333,0.34,0.1524,2.9,0.035,2.9,26.5,-9.9642,1.7632,1.7632,-3.975
4.3,30,10,0.3625,0.19333,0.3,0.1524,2.9,0.035,2.9,24.34,-10.78,1.293,1.293,-4.1193
5.0,30,10,0.3625,0.19333,0.265,0.1524,2.9,0.035,2.9,22.64,-11.812,0.92202,0.92202,-4.2355
3.6,30,10,0.725,0.58,0.374,0.16764,2.9,0.035,2.9,28.04,-15.508,2.9798,2.9798,-2.7971
4.3,30,10,0.725,0.58,0.33,0.16764,2.9,0.035,2.9,25.72,-16.283,2.4621,2.4621,-3.0181
5.0,30,10,0.725,0.58,0.2915,0.16764,2.9,0.035,2.9,23.88,-17.635,2.0199,2.0199,-3.201
3.6,30,10,0.3625,0.58,0.374,0.16764,2.9,0.035,2.9,27.24,-9.1831,2.2229,2.2229,-3.5709
4.3,30,10,0.3625,0.58,0.33,0.16764,2.9,0.035,2.9,25.02,-9.8524,1.8074,1.8074,-3.6735
5.0,30,10,0.3625,0.58,0.2915,0.16764,2.9,0.035,2.9,23.26,-10.74,1.4923,1.4923,-3.727
3.6,30,10,0.725,0.19333,0.374,0.16764,2.9,0.035,2.9,26.88,-10.986,2.3665,2.3665,-3.3483
4.3,30,10,0.725,0.19333,0.33,0.16764,2.9,0.035,2.9,24.66,-11.533,1.8817,1.8817,-3.5175
5.0,30,10,0.725,0.19333,0.2915,0.16764,2.9,0.035,2.9,22.9,-12.377,1.4854,1.4854,-3.6614
3.6,30,10,0.3625,0.19333,0.374,0.16764,2.9,0.035,2.9,26.46,-9.228,1.9302,1.9302,-3.8
4.3,30,10,0.3625,0.19333,0.33,0.16764,2.9,0.035,2.9,24.3,-9.9199,1.509,1.509,-3.8968
5.0,30,10,0.3625,0.19333,0.2915,0.16764,2.9,0.035,2.9,22.6,-10.803,1.1582,1.1582,-3.9951
3.6,30,10,0.725,0.58,0.306,0.13716,2.9,0.035,3.19,27.74,-39.449,2.7841,2.7841,-3.2895
4.3,30,10,0.725,0.58,0.27,0.13716,2.9,0.035,3.19,25.48,-37.725,2.1592,2.1592,-3.6003
5.0,30,10,0.725,0.58,0.2385,0.13716,2.9,0.035,3.19,23.68,-30.211,1.5961,1.5961,-3.9162
3.6,30,10,0.3625,0.58,0.306,0.13716,2.9,0.035,3.19,27.18,-12.864,2.389,2.389,-3.7314
4.3,30,10,0.3625,0.58,0.27,0.13716,2.9,0.035,3.19,24.96,-13.841,1.8585,1.8585,-3.9228
5.0,30,10,0.3625,0.58,0.2385,0.13716,2.9,0.035,3.19,23.2,-15.313,1.4034,1.4034,-4.1106
3.6,30,10,0.725,0.19333,0.306,0.13716,2.9,0.035,3.19,26.82,-15.678,2.405,2.405,-3.6267
4.3,30,10,0.725,0.19333,0.27,0.13716,2.9,0.035,3.19,24.6,-16.266,1.7802,1.7802,-3.926
5.0,30,10,0.725,0.19333,0.2385,0.13716,2.9,0.035,3.19,22.84,-17.718,1.2615,1.2615,-4.1807
3.6,30,10,0.3625,0.19333,0.306,0.13716,2.9,0.035,3.19,26.5,-12.380999999999998,2.1093,2.1093,-3.9477
4.3,30,10,0.3625,0.19333,0.27,0.13716,2.9,0.035,3.19,24.32,-13.443,1.5322,1.5322,-4.1868
5.0,30,10,0.3625,0.19333,0.2385,0.13716,2.9,0.035,3.19,22.6,-14.831,1.0408,1.0408,-4.4053
3.6,30,10,0.725,0.58,0.34,0.1524,2.9,0.035,3.19,27.7,-31.204,3.0738,3.0738,-2.9876
4.3,30,10,0.725,0.58,0.3,0.1524,2.9,0.035,3.19,25.44,-32.053000000000004,2.4742,2.4742,-3.278
5.0,30,10,0.725,0.58,0.265,0.1524,2.9,0.035,3.19,23.64,-41.918,1.959,1.959,-3.5462
3.6,30,10,0.3625,0.58,0.34,0.1524,2.9,0.035,3.19,27.12,-11.744000000000002,2.5892,2.5892,-3.5195
4.3,30,10,0.3625,0.58,0.3,0.1524,2.9,0.035,3.19,24.9,-12.514,2.0742,2.0742,-3.7013
5.0,30,10,0.3625,0.58,0.265,0.1524,2.9,0.035,3.19,23.14,-13.686,1.6436,1.6436,-3.8652
3.6,30,10,0.725,0.19333,0.34,0.1524,2.9,0.035,3.19,26.78,-14.404000000000002,2.7029,2.7029,-3.3199
4.3,30,10,0.725,0.19333,0.3,0.1524,2.9,0.035,3.19,24.56,-14.818,2.1066,2.1066,-3.5944
5.0,30,10,0.725,0.19333,0.265,0.1524,2.9,0.035,3.19,22.82,-15.911,1.6262,1.6262,-3.8109
3.6,30,10,0.3625,0.19333,0.34,0.1524,2.9,0.035,3.19,26.44,-11.249,2.3134,2.3134,-3.7334
4.3,30,10,0.3625,0.19333,0.3,0.1524,2.9,0.035,3.19,24.26,-12.054,1.8109,1.8109,-3.9037
5.0,30,10,0.3625,0.19333,0.265,0.1524,2.9,0.035,3.19,22.56,-13.135,1.3554,1.3554,-4.0883
3.6,30,10,0.725,0.58,0.374,0.16764,2.9,0.035,3.19,27.66,-24.778,3.3171,3.3171,-2.7309
4.3,30,10,0.725,0.58,0.33,0.16764,2.9,0.035,3.19,25.4,-25.026,2.7388,2.7388,-3.0051
5.0,30,10,0.725,0.58,0.2915,0.16764,2.9,0.035,3.19,23.6,-28.096,2.2653,2.2653,-3.2321
3.6,30,10,0.3625,0.58,0.374,0.16764,2.9,0.035,3.19,27.06,-10.913,2.7582,2.7582,-3.3379
4.3,30,10,0.3625,0.58,0.33,0.16764,2.9,0.035,3.19,24.84,-11.554,2.2599,2.2599,-3.5094
5.0,30,10,0.3625,0.58,0.2915,0.16764,2.9,0.035,3.19,23.1,-12.554,1.8631,1.8631,-3.6405
3.6,30,10,0.725,0.19333,0.374,0.16764,2.9,0.035,3.19,26.74,-13.16,2.8734,2.8734,-3.1393
4.3,30,10,0.725,0.19333,0.33,0.16764,2.9,0.035,3.19,24.5,-13.469,2.3040000000000003,2.3040000000000003,-3.3911
5.0,30,10,0.725,0.19333,0.2915,0.16764,2.9,0.035,3.19,22.76,-14.347,1.849,1.849,-3.5827
3.6,30,10,0.3625,0.19333,0.374,0.16764,2.9,0.035,3.19,26.36,-10.491,2.4299,2.4299,-3.6045
4.3,30,10,0.3625,0.19333,0.33,0.16764,2.9,0.035,3.19,24.2,-11.189,1.9445,1.9445,-3.7648
5.0,30,10,0.3625,0.19333,0.2915,0.16764,2.9,0.035,3.19,22.5,-12.123,1.5557,1.5557,-3.8819
3.6,65,35,0.4125,0.33,0.14256,0.0639,1.65,0.035,1.485,50.24,-15.453,1.3031,1.3031,-4.1819
4.3,65,35,0.4125,0.33,0.12579,0.0639,1.65,0.035,1.485,46.1,-16.776,0.79627,0.79627,-4.3952
5.0,65,35,0.4125,0.33,0.11111,0.0639,1.65,0.035,1.485,42.8,-18.378,0.30358,0.30358,-4.6665
3.6,65,35,0.20625,0.33,0.14256,0.0639,1.65,0.035,1.485,48.56,-11.597,0.8016300000000001,0.8016300000000001,-4.6789999999999985
4.3,65,35,0.20625,0.33,0.12579,0.0639,1.65,0.035,1.485,44.66,-12.839,0.36454,0.36454,-4.8285
5.0,65,35,0.20625,0.33,0.11111,0.0639,1.65,0.035,1.485,41.51,-14.554,0.017158,0.017158,-4.9477
3.6,65,35,0.4125,0.11,0.14256,0.0639,1.65,0.035,1.485,47.69,-13.128,0.78377,0.78377,-4.6064
4.3,65,35,0.4125,0.11,0.12579,0.0639,1.65,0.035,1.485,43.76,-14.389,0.27454,0.27454,-4.8321
5.0,65,35,0.4125,0.11,0.11111,0.0639,1.65,0.035,1.485,40.64,-16.132,-0.17961,-0.17961,-5.0736
3.6,65,35,0.20625,0.11,0.14256,0.0639,1.65,0.035,1.485,47.06,-12.617,0.5825100000000001,0.5825100000000001,-4.8236
4.3,65,35,0.20625,0.11,0.12579,0.0639,1.65,0.035,1.485,43.25,-14.097,0.1012,0.1012,-5.0199
5.0,65,35,0.20625,0.11,0.11111,0.0639,1.65,0.035,1.485,40.22,-16.274,-0.32467,-0.32467,-5.229
3.6,65,35,0.4125,0.33,0.1584,0.071,1.65,0.035,1.485,50.24,-13.949000000000002,1.6183,1.6183,-3.8669
4.3,65,35,0.4125,0.33,0.13976,0.071,1.65,0.035,1.485,46.1,-14.913,1.1322,1.1322,-4.059
5.0,65,35,0.4125,0.33,0.12346,0.071,1.65,0.035,1.485,42.8,-16.095,0.67961,0.67961,-4.2886
3.6,65,35,0.20625,0.33,0.1584,0.071,1.65,0.035,1.485,48.47,-10.38,1.0379,1.0379,-4.4364
4.3,65,35,0.20625,0.33,0.13976,0.071,1.65,0.035,1.485,44.57,-11.368,0.63222,0.63222,-4.5571
5.0,65,35,0.20625,0.33,0.12346,0.071,1.65,0.035,1.485,41.45,-12.651,0.2972,0.2972,-4.6636
3.6,65,35,0.4125,0.11,0.1584,0.071,1.65,0.035,1.485,47.66,-11.839,1.0926,1.0926,-4.2936
4.3,65,35,0.4125,0.11,0.13976,0.071,1.65,0.035,1.485,43.73,-12.77,0.61147,0.61147,-4.4934
5.0,65,35,0.4125,0.11,0.12346,0.071,1.65,0.035,1.485,40.61,-14.013,0.20405,0.20405,-4.6867
3.6,65,35,0.20625,0.11,0.1584,0.071,1.65,0.035,1.485,47.0,-11.104,0.85531,0.85531,-4.5442
4.3,65,35,0.20625,0.11,0.13976,0.071,1.65,0.035,1.485,43.19,-12.206,0.39799,0.39799,-4.7205
5.0,65,35,0.20625,0.11,0.12346,0.071,1.65,0.035,1.485,40.16,-13.742,0.018693,0.018693,-4.8815
3.6,65,35,0.4125,0.33,0.17424,0.0781,1.65,0.035,1.485,50.21,-12.720999999999998,1.8693,1.8693,-3.6143
4.3,65,35,0.4125,0.33,0.15374000000000002,0.0781,1.65,0.035,1.485,46.07,-13.48,1.4116,1.4116,-3.7783
5.0,65,35,0.4125,0.33,0.1358,0.0781,1.65,0.035,1.485,42.77,-14.405,0.98245,0.98245,-3.9832
3.6,65,35,0.20625,0.33,0.17424,0.0781,1.65,0.035,1.485,48.38,-9.4869,1.2106,1.2106,-4.2587
4.3,65,35,0.20625,0.33,0.15374000000000002,0.0781,1.65,0.035,1.485,44.48,-10.299,0.8525299999999999,0.8525299999999999,-4.3329
5.0,65,35,0.20625,0.33,0.1358,0.0781,1.65,0.035,1.485,41.36,-11.347,0.51136,0.51136,-4.4443
3.6,65,35,0.4125,0.11,0.17424,0.0781,1.65,0.035,1.485,47.6,-10.83,1.3036,1.3036,-4.0766
4.3,65,35,0.4125,0.11,0.15374000000000002,0.0781,1.65,0.035,1.485,43.67,-11.591,0.84515,0.84515,-4.2573
5.0,65,35,0.4125,0.11,0.1358,0.0781,1.65,0.035,1.485,40.55,-12.6,0.47878,0.47878,-4.4084
3.6,65,35,0.20625,0.11,0.17424,0.0781,1.65,0.035,1.485,46.88,-10.17,1.0007,1.0007,-4.3893
4.3,65,35,0.20625,0.11,0.15374000000000002,0.0781,1.65,0.035,1.485,43.1,-11.09,0.61665,0.61665,-4.498
5.0,65,35,0.20625,0.11,0.1358,0.0781,1.65,0.035,1.485,40.07,-12.366,0.27201,0.27201,-4.6232
3.6,65,35,0.4125,0.33,0.14256,0.0639,1.65,0.035,1.65,49.58,-24.525,1.7015,1.7015,-4.0904
4.3,65,35,0.4125,0.33,0.12579,0.0639,1.65,0.035,1.65,45.5,-27.997,1.1522,1.1522,-4.3579
5.0,65,35,0.4125,0.33,0.11111,0.0639,1.65,0.035,1.65,42.26,-33.523,0.50713,0.50713,-4.7485
3.6,65,35,0.20625,0.33,0.14256,0.0639,1.65,0.035,1.65,48.26,-13.983,1.3119,1.3119,-4.5222
4.3,65,35,0.20625,0.33,0.12579,0.0639,1.65,0.035,1.65,44.36,-15.573,0.80923,0.80923,-4.7169
5.0,65,35,0.20625,0.33,0.11111,0.0639,1.65,0.035,1.65,41.24,-17.842,0.30379,0.30379,-4.9574
3.6,65,35,0.4125,0.11,0.14256,0.0639,1.65,0.035,1.65,47.48,-15.825,1.2862,1.2862,-4.4608
4.3,65,35,0.4125,0.11,0.12579,0.0639,1.65,0.035,1.65,43.55,-17.365,0.6917,0.6917,-4.7464
5.0,65,35,0.4125,0.11,0.11111,0.0639,1.65,0.035,1.65,40.46,-19.629,0.1585,0.1585,-5.0298
3.6,65,35,0.20625,0.11,0.14256,0.0639,1.65,0.035,1.65,46.94,-14.624,1.0803,1.0803,-4.6949
4.3,65,35,0.20625,0.11,0.12579,0.0639,1.65,0.035,1.65,43.13,-16.407,0.52483,0.52483,-4.9309
5.0,65,35,0.20625,0.11,0.11111,0.0639,1.65,0.035,1.65,40.07,-19.179,0.010668,0.010668,-5.1864
3.6,65,35,0.4125,0.33,0.1584,0.071,1.65,0.035,1.65,49.52,-20.742,2.07,2.07,-3.7197
4.3,65,35,0.4125,0.33,0.13976,0.071,1.65,0.035,1.65,45.47,-22.457,1.5084,1.5084,-3.9992
5.0,65,35,0.4125,0.33,0.12346,0.071,1.65,0.035,1.65,42.23,-24.747,0.93182,0.93182,-4.3213
3.6,65,35,0.20625,0.33,0.1584,0.071,1.65,0.035,1.65,48.17,-12.382,1.5736,1.5736,-4.2528
4.3,65,35,0.20625,0.33,0.13976,0.071,1.65,0.035,1.65,44.27,-13.563,1.08,1.08,-4.4405
5.0,65,35,0.20625,0.33,0.12346,0.071,1.65,0.035,1.65,41.15,-15.140999999999998,0.63527,0.63527,-4.6223
3.6,65,35,0.4125,0.11,0.1584,0.071,1.65,0.035,1.65,47.42,-14.130999999999998,1.5867,1.5867,-4.1573
4.3,65,35,0.4125,0.11,0.13976,0.071,1.65,0.035,1.65,43.52,-15.188,1.0652,1.0652,-4.3704
5.0,65,35,0.4125,0.11,0.12346,0.071,1.65,0.035,1.65,40.43,-16.642,0.5443100000000001,0.5443100000000001,-4.6412
3.6,65,35,0.20625,0.11,0.1584,0.071,1.65,0.035,1.65,46.85,-12.75,1.3339,1.3339,-4.4372
4.3,65,35,0.20625,0.11,0.13976,0.071,1.65,0.035,1.65,43.04,-14.005,0.8534299999999999,0.8534299999999999,-4.5979
5.0,65,35,0.20625,0.11,0.12346,0.071,1.65,0.035,1.65,40.01,-15.806,0.39926,0.39926,-4.7951
3.6,65,35,0.4125,0.33,0.17424,0.0781,1.65,0.035,1.65,49.49,-18.214,2.3622,2.3622,-3.4246
4.3,65,35,0.4125,0.33,0.15374000000000002,0.0781,1.65,0.035,1.65,45.44,-19.304,1.8124,1.8124,-3.6923
5.0,65,35,0.4125,0.33,0.1358,0.0781,1.65,0.035,1.65,42.2,-20.726,1.2923,1.2923,-3.958
3.6,65,35,0.20625,0.33,0.17424,0.0781,1.65,0.035,1.65,48.08,-11.242,1.7922,1.7922,-4.024
4.3,65,35,0.20625,0.33,0.15374000000000002,0.0781,1.65,0.035,1.65,44.18,-12.177,1.3196,1.3196,-4.195
5.0,65,35,0.20625,0.33,0.1358,0.0781,1.65,0.035,1.65,41.09,-13.403,0.931,0.931,-4.3237
3.6,65,35,0.4125,0.11,0.17424,0.0781,1.65,0.035,1.65,47.36,-12.833,1.8036,1.8036,-3.9361
4.3,65,35,0.4125,0.11,0.15374000000000002,0.0781,1.65,0.035,1.65,43.46,-13.65,1.3068,1.3068,-4.1251
5.0,65,35,0.4125,0.11,0.1358,0.0781,1.65,0.035,1.65,40.37,-14.762,0.80253,0.80253,-4.3802
3.6,65,35,0.20625,0.11,0.17424,0.0781,1.65,0.035,1.65,46.73,-11.609000000000002,1.5162,1.5162,-4.2473
4.3,65,35,0.20625,0.11,0.15374000000000002,0.0781,1.65,0.035,1.65,42.95,-12.623,1.0702,1.0702,-4.3757
5.0,65,35,0.20625,0.11,0.1358,0.0781,1.65,0.035,1.65,39.92,-14.055,0.61512,0.61512,-4.5758
3.6,65,35,0.4125,0.33,0.14256,0.0639,1.65,0.035,1.815,49.01,-26.326,1.9739,1.9739,-4.1016
4.3,65,35,0.4125,0.33,0.12579,0.0639,1.65,0.035,1.815,44.99,-25.231,1.3158,1.3158,-4.4643
5.0,65,35,0.4125,0.33,0.11111,0.0639,1.65,0.035,1.815,41.81,-22.367,0.61846,0.61846,-4.9239
3.6,65,35,0.20625,0.33,0.14256,0.0639,1.65,0.035,1.815,47.99,-17.284000000000002,1.8294,1.8294,-4.3155
4.3,65,35,0.20625,0.33,0.12579,0.0639,1.65,0.035,1.815,44.06,-19.541,1.2009999999999998,1.2009999999999998,-4.6131
5.0,65,35,0.20625,0.33,0.11111,0.0639,1.65,0.035,1.815,41.0,-22.947,0.71313,0.71313,-4.8426
3.6,65,35,0.4125,0.11,0.14256,0.0639,1.65,0.035,1.815,47.33,-20.008,1.7427,1.7427,-4.3154
4.3,65,35,0.4125,0.11,0.12579,0.0639,1.65,0.035,1.815,43.4,-21.713,1.0878,1.0878,-4.6519
5.0,65,35,0.4125,0.11,0.11111,0.0639,1.65,0.035,1.815,40.31,-25.243,0.46659,0.46659,-5.0142
3.6,65,35,0.20625,0.11,0.14256,0.0639,1.65,0.035,1.815,46.82,-16.660999999999998,1.5652,1.5652,-4.5257
4.3,65,35,0.20625,0.11,0.12579,0.0639,1.65,0.035,1.815,42.98,-18.841,0.98735,0.98735,-4.7698
5.0,65,35,0.20625,0.11,0.11111,0.0639,1.65,0.035,1.815,39.98,-21.842,0.44502,0.44502,-5.0455
3.6,65,35,0.4125,0.33,0.1584,0.071,1.65,0.035,1.815,48.95,-39.279,2.3428,2.3428,-3.7289
4.3,65,35,0.4125,0.33,0.13976,0.071,1.65,0.035,1.815,44.93,-36.49800000000001,1.7039,1.7039,-4.0744
5.0,65,35,0.4125,0.33,0.12346,0.071,1.65,0.035,1.815,41.75,-29.485,1.0868,1.0868,-4.4525
3.6,65,35,0.20625,0.33,0.1584,0.071,1.65,0.035,1.815,47.87,-14.981,2.0621,2.0621,-4.0745
4.3,65,35,0.20625,0.33,0.13976,0.071,1.65,0.035,1.815,43.97,-16.429000000000002,1.5219,1.5219,-4.2892
5.0,65,35,0.20625,0.33,0.12346,0.071,1.65,0.035,1.815,40.88,-18.5,0.98041,0.98041,-4.5710000000000015
3.6,65,35,0.4125,0.11,0.1584,0.071,1.65,0.035,1.815,47.24,-17.195999999999998,2.0199,2.0199,-4.0324
4.3,65,35,0.4125,0.11,0.13976,0.071,1.65,0.035,1.815,43.31,-18.205,1.3719,1.3719,-4.3654
5.0,65,35,0.4125,0.11,0.12346,0.071,1.65,0.035,1.815,40.25,-20.204,0.8165100000000001,0.8165100000000001,-4.6611
3.6,65,35,0.20625,0.11,0.1584,0.071,1.65,0.035,1.815,46.7,-14.664,1.8026,1.8026,-4.2805
4.3,65,35,0.20625,0.11,0.13976,0.071,1.65,0.035,1.815,42.86,-16.213,1.2055,1.2055,-4.548
5.0,65,35,0.20625,0.11,0.12346,0.071,1.65,0.035,1.815,39.89,-18.178,0.7032,0.7032,-4.7843
3.6,65,35,0.4125,0.33,0.17424,0.0781,1.65,0.035,1.815,48.89,-38.901,2.6734,2.6734,-3.392
4.3,65,35,0.4125,0.33,0.15374000000000002,0.0781,1.65,0.035,1.815,44.9,-42.18899999999999,2.0772,2.0772,-3.6971
5.0,65,35,0.4125,0.33,0.1358,0.0781,1.65,0.035,1.815,41.72,-40.589,1.5204,1.5204,-4.0139999999999985
3.6,65,35,0.20625,0.33,0.17424,0.0781,1.65,0.035,1.815,47.81,-13.437,2.3146,2.3146,-3.8155
4.3,65,35,0.20625,0.33,0.15374000000000002,0.0781,1.65,0.035,1.815,43.91,-14.455,1.7884,1.7884,-4.0198
5.0,65,35,0.20625,0.33,0.1358,0.0781,1.65,0.035,1.815,40.85,-15.938,1.3132,1.3132,-4.2351
3.6,65,35,0.4125,0.11,0.17424,0.0781,1.65,0.035,1.815,47.15,-15.529000000000002,2.2661,2.2661,-3.779
4.3,65,35,0.4125,0.11,0.15374000000000002,0.0781,1.65,0.035,1.815,43.25,-16.221,1.6421,1.6421,-4.0918
5.0,65,35,0.4125,0.11,0.1358,0.0781,1.65,0.035,1.815,40.19,-17.667,1.1226,1.1226,-4.3508
3.6,65,35,0.20625,0.11,0.17424,0.0781,1.65,0.035,1.815,46.58,-13.277,2.0225,2.0225,-4.0521
4.3,65,35,0.20625,0.11,0.15374000000000002,0.0781,1.65,0.035,1.815,42.77,-14.466,1.433,1.433,-4.3167
5.0,65,35,0.20625,0.11,0.1358,0.0781,1.65,0.035,1.815,39.8,-15.975,0.94533,0.94533,-4.5376
3.6,65,35,0.3625,0.29,0.14256,0.0639,1.45,0.035,1.305,57.17,-13.924,1.654,1.654,-3.84
4.3,65,35,0.3625,0.29,0.12579,0.0639,1.45,0.035,1.305,52.46,-14.929,1.1838,1.1838,-4.0124
5.0,65,35,0.3625,0.29,0.11111,0.0639,1.45,0.035,1.305,48.71,-16.102,0.73968,0.73968,-4.2313
3.6,65,35,0.18125,0.29,0.14256,0.0639,1.45,0.035,1.305,55.19,-10.362,1.0388,1.0388,-4.4487
4.3,65,35,0.18125,0.29,0.12579,0.0639,1.45,0.035,1.305,50.72,-11.364,0.64335,0.64335,-4.5539
5.0,65,35,0.18125,0.29,0.11111,0.0639,1.45,0.035,1.305,47.18,-12.64,0.32064000000000004,0.32064000000000004,-4.6458
3.6,65,35,0.3625,0.096667,0.14256,0.0639,1.45,0.035,1.305,54.26,-11.855,1.1099,1.1099,-4.2868
4.3,65,35,0.3625,0.096667,0.12579,0.0639,1.45,0.035,1.305,49.79,-12.819,0.6594,0.6594,-4.4539
5.0,65,35,0.3625,0.096667,0.11111,0.0639,1.45,0.035,1.305,46.25,-14.071,0.26111,0.26111,-4.6357
3.6,65,35,0.18125,0.096667,0.14256,0.0639,1.45,0.035,1.305,53.51,-11.019,0.8632700000000001,0.8632700000000001,-4.5479
4.3,65,35,0.18125,0.096667,0.12579,0.0639,1.45,0.035,1.305,49.19,-12.122,0.44946,0.44946,-4.6789
5.0,65,35,0.18125,0.096667,0.11111,0.0639,1.45,0.035,1.305,45.74,-13.644,0.094125,0.094125,-4.8132
3.6,65,35,0.3625,0.29,0.1584,0.071,1.45,0.035,1.305,57.14,-12.523,1.9209,1.9209,-3.571
4.3,65,35,0.3625,0.29,0.13976,0.071,1.45,0.035,1.305,52.4,-13.300999999999998,1.4543,1.4543,-3.7402
5.0,65,35,0.3625,0.29,0.12346,0.071,1.45,0.035,1.305,48.68,-14.181,1.0569,1.0569,-3.9112
3.6,65,35,0.18125,0.29,0.1584,0.071,1.45,0.035,1.305,55.07,-9.418,1.2461,1.2461,-4.2351
4.3,65,35,0.18125,0.29,0.13976,0.071,1.45,0.035,1.305,50.63,-10.239,0.8774200000000001,0.8774200000000001,-4.3148
5.0,65,35,0.18125,0.29,0.12346,0.071,1.45,0.035,1.305,47.09,-11.265999999999998,0.58313,0.58313,-4.3782
3.6,65,35,0.3625,0.096667,0.1584,0.071,1.45,0.035,1.305,54.17,-10.758,1.3241,1.3241,-4.0654
4.3,65,35,0.3625,0.096667,0.13976,0.071,1.45,0.035,1.305,49.7,-11.54,0.8930299999999999,0.8930299999999999,-4.2172
5.0,65,35,0.3625,0.096667,0.12346,0.071,1.45,0.035,1.305,46.16,-12.532,0.5214300000000001,0.5214300000000001,-4.3711
3.6,65,35,0.18125,0.096667,0.1584,0.071,1.45,0.035,1.305,53.36,-10.052,1.0247,1.0247,-4.3761
4.3,65,35,0.18125,0.096667,0.13976,0.071,1.45,0.035,1.305,49.04,-10.975,0.66728,0.66728,-4.4555
5.0,65,35,0.18125,0.096667,0.12346,0.071,1.45,0.035,1.305,45.62,-12.214,0.33252,0.33252,-4.569
3.6,65,35,0.3625,0.29,0.17424,0.0781,1.45,0.035,1.305,57.11,-11.655,2.1733,2.1733,-3.3160000000000003
4.3,65,35,0.3625,0.29,0.15374000000000002,0.0781,1.45,0.035,1.305,52.4,-12.308,1.7291,1.7291,-3.4632
5.0,65,35,0.3625,0.29,0.1358,0.0781,1.45,0.035,1.305,48.65,-13.072,1.3597,1.3597,-3.6044
3.6,65,35,0.18125,0.29,0.17424,0.0781,1.45,0.035,1.305,55.01,-8.6723,1.4387,1.4387,-4.038
4.3,65,35,0.18125,0.29,0.15374000000000002,0.0781,1.45,0.035,1.305,50.57,-9.3516,1.0917,1.0917,-4.0932
5.0,65,35,0.18125,0.29,0.1358,0.0781,1.45,0.035,1.305,47.03,-10.181,0.8322700000000001,0.8322700000000001,-4.1243
3.6,65,35,0.3625,0.096667,0.17424,0.0781,1.45,0.035,1.305,54.17,-9.969,1.5698,1.5698,-3.8167
4.3,65,35,0.3625,0.096667,0.15374000000000002,0.0781,1.45,0.035,1.305,49.7,-10.595999999999998,1.1633,1.1633,-3.9449
5.0,65,35,0.3625,0.096667,0.1358,0.0781,1.45,0.035,1.305,46.13,-11.377,0.81709,0.81709,-4.0712
3.6,65,35,0.18125,0.096667,0.17424,0.0781,1.45,0.035,1.305,53.3,-9.1131,1.2218,1.2218,-4.1749
4.3,65,35,0.18125,0.096667,0.15374000000000002,0.0781,1.45,0.035,1.305,48.98,-9.8501,0.89371,0.89371,-4.226
5.0,65,35,0.18125,0.096667,0.1358,0.0781,1.45,0.035,1.305,45.56,-10.815,0.60144,0.60144,-4.2954
3.6,65,35,0.3625,0.29,0.14256,0.0639,1.45,0.035,1.45,56.39,-20.651,2.0768,2.0768,-3.7152
4.3,65,35,0.3625,0.29,0.12579,0.0639,1.45,0.035,1.45,51.74,-22.447,1.5055,1.5055,-4.002
5.0,65,35,0.3625,0.29,0.11111,0.0639,1.45,0.035,1.45,48.08,-24.844,1.0464,1.0464,-4.2096
3.6,65,35,0.18125,0.29,0.14256,0.0639,1.45,0.035,1.45,54.86,-12.353,1.5958,1.5958,-4.2374
4.3,65,35,0.18125,0.29,0.12579,0.0639,1.45,0.035,1.45,50.39,-13.558,1.1305,1.1305,-4.3962
5.0,65,35,0.18125,0.29,0.11111,0.0639,1.45,0.035,1.45,46.85,-15.145,0.70676,0.70676,-4.5574
3.6,65,35,0.3625,0.096667,0.14256,0.0639,1.45,0.035,1.45,54.02,-14.145,1.6263,1.6263,-4.1269
4.3,65,35,0.3625,0.096667,0.12579,0.0639,1.45,0.035,1.45,49.55,-15.257,1.0955,1.0955,-4.3468
5.0,65,35,0.3625,0.096667,0.11111,0.0639,1.45,0.035,1.45,46.01,-16.752,0.6320100000000001,0.6320100000000001,-4.5598
3.6,65,35,0.18125,0.096667,0.14256,0.0639,1.45,0.035,1.45,53.33,-12.648,1.3467,1.3467,-4.4336
4.3,65,35,0.18125,0.096667,0.12579,0.0639,1.45,0.035,1.45,49.01,-13.914,0.9061,0.9061,-4.5536
5.0,65,35,0.18125,0.096667,0.11111,0.0639,1.45,0.035,1.45,45.56,-15.723,0.45404,0.45404,-4.7481
3.6,65,35,0.3625,0.29,0.1584,0.071,1.45,0.035,1.45,56.33,-17.792,2.3765,2.3765,-3.4115
4.3,65,35,0.3625,0.29,0.13976,0.071,1.45,0.035,1.45,51.68,-18.892,1.8456,1.8456,-3.6589
5.0,65,35,0.3625,0.29,0.12346,0.071,1.45,0.035,1.45,48.02,-20.224,1.4254,1.4254,-3.8278
3.6,65,35,0.18125,0.29,0.1584,0.071,1.45,0.035,1.45,54.71,-11.142,1.804,1.804,-4.0154
4.3,65,35,0.18125,0.29,0.13976,0.071,1.45,0.035,1.45,50.27,-12.088,1.3654,1.3654,-4.1543
5.0,65,35,0.18125,0.29,0.12346,0.071,1.45,0.035,1.45,46.76,-13.296,0.97851,0.97851,-4.2823
3.6,65,35,0.3625,0.096667,0.1584,0.071,1.45,0.035,1.45,53.9,-12.726,1.8379,1.8379,-3.9088
4.3,65,35,0.3625,0.096667,0.13976,0.071,1.45,0.035,1.45,49.46,-13.571,1.3546,1.3546,-4.0829
5.0,65,35,0.3625,0.096667,0.12346,0.071,1.45,0.035,1.45,45.92,-14.677,0.88446,0.88446,-4.3043
3.6,65,35,0.18125,0.096667,0.1584,0.071,1.45,0.035,1.45,53.18,-11.462,1.5424,1.5424,-4.2263
4.3,65,35,0.18125,0.096667,0.13976,0.071,1.45,0.035,1.45,48.86,-12.48,1.0949,1.0949,-4.3568
5.0,65,35,0.18125,0.096667,0.12346,0.071,1.45,0.035,1.45,45.44,-13.884,0.69996,0.69996,-4.4982
3.6,65,35,0.3625,0.29,0.17424,0.0781,1.45,0.035,1.45,56.27,-16.232,2.6566,2.6566,-3.125
4.3,65,35,0.3625,0.29,0.15374000000000002,0.0781,1.45,0.035,1.45,51.65,-17.049,2.16,2.16,-3.3401
5.0,65,35,0.3625,0.29,0.1358,0.0781,1.45,0.035,1.45,47.99,-18.063,1.7677,1.7677,-3.4812
3.6,65,35,0.18125,0.29,0.17424,0.0781,1.45,0.035,1.45,54.65,-10.22,2.0161,2.0161,-3.7943
4.3,65,35,0.18125,0.29,0.15374000000000002,0.0781,1.45,0.035,1.45,50.21,-10.981,1.5993,1.5993,-3.9151
5.0,65,35,0.18125,0.29,0.1358,0.0781,1.45,0.035,1.45,46.7,-11.924,1.2473,1.2473,-4.0103
3.6,65,35,0.3625,0.096667,0.17424,0.0781,1.45,0.035,1.45,53.87,-11.768,2.0945,2.0945,-3.6471
4.3,65,35,0.3625,0.096667,0.15374000000000002,0.0781,1.45,0.035,1.45,49.43,-12.408,1.6316,1.6316,-3.8016
5.0,65,35,0.3625,0.096667,0.1358,0.0781,1.45,0.035,1.45,45.89,-13.238,1.1959,1.1959,-3.989
3.6,65,35,0.18125,0.096667,0.17424,0.0781,1.45,0.035,1.45,53.12,-10.362,1.7635,1.7635,-3.9951
4.3,65,35,0.18125,0.096667,0.15374000000000002,0.0781,1.45,0.035,1.45,48.8,-11.154000000000002,1.3362,1.3362,-4.1109
5.0,65,35,0.18125,0.096667,0.1358,0.0781,1.45,0.035,1.45,45.38,-12.209,0.96674,0.96674,-4.2285
3.6,65,35,0.3625,0.29,0.14256,0.0639,1.45,0.035,1.595,55.7,-46.358,2.3228,2.3228,-3.7451
4.3,65,35,0.3625,0.29,0.12579,0.0639,1.45,0.035,1.595,51.14,-36.205,1.7359,1.7359,-4.0424
5.0,65,35,0.3625,0.29,0.11111,0.0639,1.45,0.035,1.595,47.51,-30.983,1.2408,1.2408,-4.3005
3.6,65,35,0.18125,0.29,0.14256,0.0639,1.45,0.035,1.595,54.47,-14.894,2.0704,2.0704,-4.069
4.3,65,35,0.18125,0.29,0.12579,0.0639,1.45,0.035,1.595,50.06,-16.401,1.5462,1.5462,-4.2709
5.0,65,35,0.18125,0.29,0.11111,0.0639,1.45,0.035,1.595,46.55,-18.529,1.0607,1.0607,-4.4957
3.6,65,35,0.3625,0.096667,0.14256,0.0639,1.45,0.035,1.595,53.72,-17.018,2.0028,2.0028,-4.0514
4.3,65,35,0.3625,0.096667,0.12579,0.0639,1.45,0.035,1.595,49.31,-18.324,1.425,1.425,-4.3182
5.0,65,35,0.3625,0.096667,0.11111,0.0639,1.45,0.035,1.595,45.77,-20.252,0.8556,0.8556,-4.6274
3.6,65,35,0.18125,0.096667,0.14256,0.0639,1.45,0.035,1.595,53.12,-14.643,1.7993,1.7993,-4.2882
4.3,65,35,0.18125,0.096667,0.12579,0.0639,1.45,0.035,1.595,48.8,-16.127,1.2474,1.2474,-4.5142
5.0,65,35,0.18125,0.096667,0.11111,0.0639,1.45,0.035,1.595,45.38,-18.349,0.7451,0.7451,-4.749
3.6,65,35,0.3625,0.29,0.1584,0.071,1.45,0.035,1.595,55.61,-32.152,2.7041,2.7041,-3.3567
4.3,65,35,0.3625,0.29,0.13976,0.071,1.45,0.035,1.595,51.08,-36.992,2.1504,2.1504,-3.6237
5.0,65,35,0.3625,0.29,0.12346,0.071,1.45,0.035,1.595,47.45,-45.847,1.6513,1.6513,-3.8843
3.6,65,35,0.18125,0.29,0.1584,0.071,1.45,0.035,1.595,54.38,-13.24,2.3226,2.3226,-3.8086
4.3,65,35,0.18125,0.29,0.13976,0.071,1.45,0.035,1.595,49.97,-14.33,1.8435,1.8435,-3.9699
5.0,65,35,0.18125,0.29,0.12346,0.071,1.45,0.035,1.595,46.46,-15.753,1.3923,1.3923,-4.1588
3.6,65,35,0.3625,0.096667,0.1584,0.071,1.45,0.035,1.595,53.6,-15.187,2.2635,2.2635,-3.7825
4.3,65,35,0.3625,0.096667,0.13976,0.071,1.45,0.035,1.595,49.22,-16.108,1.7028,1.7028,-4.0365
5.0,65,35,0.3625,0.096667,0.12346,0.071,1.45,0.035,1.595,45.68,-17.427,1.1623,1.1623,-4.315
3.6,65,35,0.18125,0.096667,0.1584,0.071,1.45,0.035,1.595,52.97,-13.173,2.0246,2.0246,-4.0532
4.3,65,35,0.18125,0.096667,0.13976,0.071,1.45,0.035,1.595,48.68,-14.307,1.4914,1.4914,-4.2657
5.0,65,35,0.18125,0.096667,0.12346,0.071,1.45,0.035,1.595,45.26,-15.966,0.99204,0.99204,-4.4955
3.6,65,35,0.3625,0.29,0.17424,0.0781,1.45,0.035,1.595,55.55,-25.211,3.0057,3.0057,-3.0477
4.3,65,35,0.3625,0.29,0.15374000000000002,0.0781,1.45,0.035,1.595,51.02,-26.659,2.4829,2.4829,-3.2867
5.0,65,35,0.3625,0.29,0.1358,0.0781,1.45,0.035,1.595,47.39,-28.796,1.9674,1.9674,-3.5625
3.6,65,35,0.18125,0.29,0.17424,0.0781,1.45,0.035,1.595,54.26,-12.085,2.5125,2.5125,-3.6092
4.3,65,35,0.18125,0.29,0.15374000000000002,0.0781,1.45,0.035,1.595,49.85,-12.941,2.0414,2.0414,-3.7669
5.0,65,35,0.18125,0.29,0.1358,0.0781,1.45,0.035,1.595,46.37,-14.045,1.6207,1.6207,-3.9247
3.6,65,35,0.3625,0.096667,0.17424,0.0781,1.45,0.035,1.595,53.57,-13.962,2.5526,2.5526,-3.4873
4.3,65,35,0.3625,0.096667,0.15374000000000002,0.0781,1.45,0.035,1.595,49.16,-14.609000000000002,2.0104,2.0104,-3.7252
5.0,65,35,0.3625,0.096667,0.1358,0.0781,1.45,0.035,1.595,45.65,-15.517,1.5172,1.5172,-3.9555
3.6,65,35,0.18125,0.096667,0.17424,0.0781,1.45,0.035,1.595,52.88,-11.834,2.2414,2.2414,-3.8291
4.3,65,35,0.18125,0.096667,0.15374000000000002,0.0781,1.45,0.035,1.595,48.59,-12.678,1.7626,1.7626,-3.9913
5.0,65,35,0.18125,0.096667,0.1358,0.0781,1.45,0.035,1.595,45.2,-13.852,1.3024,1.3024,-4.1811
3.6,105,55,0.225,0.18,0.14256,0.0639,0.9,0.035,0.81,91.8,-9.0411,2.5721,2.5721,-2.915
4.3,105,55,0.225,0.18,0.12579,0.0639,0.9,0.035,0.81,84.2,-9.5764,2.129,2.129,-3.0608
5.0,105,55,0.225,0.18,0.11111,0.0639,0.9,0.035,0.81,78.15,-10.197,1.8032,1.8032,-3.1617
3.6,105,55,0.1125,0.18,0.14256,0.0639,0.9,0.035,0.81,88.05,-7.3478,1.7727,1.7727,-3.6668
4.3,105,55,0.1125,0.18,0.12579,0.0639,0.9,0.035,0.81,81.0,-7.9258,1.4515,1.4515,-3.7276
5.0,105,55,0.1125,0.18,0.11111,0.0639,0.9,0.035,0.81,75.35,-8.5975,1.2141,1.2141,-3.747
3.6,105,55,0.225,0.06,0.14256,0.0639,0.9,0.035,0.81,87.0,-8.2322,1.9471,1.9471,-3.4422
4.3,105,55,0.225,0.06,0.12579,0.0639,0.9,0.035,0.81,79.85,-8.777000000000001,1.5603,1.5603,-3.5528
5.0,105,55,0.225,0.06,0.11111,0.0639,0.9,0.035,0.81,74.15,-9.4157,1.2736,1.2736,-3.6289
3.6,105,55,0.1125,0.06,0.14256,0.0639,0.9,0.035,0.81,85.45,-7.6713,1.6022,1.6022,-3.7828
4.3,105,55,0.1125,0.06,0.12579,0.0639,0.9,0.035,0.81,78.6,-8.2786,1.2787,1.2787,-3.8422
5.0,105,55,0.1125,0.06,0.11111,0.0639,0.9,0.035,0.81,73.1,-9.0075,1.0398,1.0398,-3.8715
3.6,105,55,0.225,0.18,0.1584,0.071,0.9,0.035,0.81,91.75,-8.508,2.7498,2.7498,-2.7275
4.3,105,55,0.225,0.18,0.13976,0.071,0.9,0.035,0.81,84.15,-9.0041,2.3286,2.3286,-2.8538
5.0,105,55,0.225,0.18,0.12346,0.071,0.9,0.035,0.81,78.1,-9.5843,2.0264,2.0264,-2.9309
3.6,105,55,0.1125,0.18,0.1584,0.071,0.9,0.035,0.81,87.95,-6.8413,1.904,1.904,-3.516
4.3,105,55,0.1125,0.18,0.13976,0.071,0.9,0.035,0.81,80.9,-7.3429,1.5994,1.5994,-3.571
5.0,105,55,0.1125,0.18,0.12346,0.071,0.9,0.035,0.81,75.3,-7.9227,1.3896,1.3896,-3.5585
3.6,105,55,0.225,0.06,0.1584,0.071,0.9,0.035,0.81,86.85,-7.697999999999999,2.0765,2.0765,-3.2951
4.3,105,55,0.225,0.06,0.13976,0.071,0.9,0.035,0.81,79.7,-8.1789,1.7147,1.7147,-3.3891
5.0,105,55,0.225,0.06,0.12346,0.071,0.9,0.035,0.81,74.0,-8.7425,1.4569,1.4569,-3.4371
3.6,105,55,0.1125,0.06,0.1584,0.071,0.9,0.035,0.81,85.2,-7.1151,1.7102,1.7102,-3.6532
4.3,105,55,0.1125,0.06,0.13976,0.071,0.9,0.035,0.81,78.4,-7.6437,1.4145,1.4145,-3.6955
5.0,105,55,0.1125,0.06,0.12346,0.071,0.9,0.035,0.81,72.95,-8.2736,1.2062,1.2062,-3.6944
3.6,105,55,0.225,0.18,0.17424,0.0781,0.9,0.035,0.81,91.65,-7.9396,2.8241,2.8241,-2.6339
4.3,105,55,0.225,0.18,0.15374000000000002,0.0781,0.9,0.035,0.81,84.0,-8.4111,2.4244,2.4244,-2.7473
5.0,105,55,0.225,0.18,0.1358,0.0781,0.9,0.035,0.81,77.9,-8.9578,2.1329,2.1329,-2.8133
3.6,105,55,0.1125,0.18,0.17424,0.0781,0.9,0.035,0.81,87.65,-6.4888,1.9692,1.9692,-3.4136
4.3,105,55,0.1125,0.18,0.15374000000000002,0.0781,0.9,0.035,0.81,80.65,-6.9546,1.6881,1.6881,-3.4638
5.0,105,55,0.1125,0.18,0.1358,0.0781,0.9,0.035,0.81,75.0,-7.4917,1.4972,1.4972,-3.4322
3.6,105,55,0.225,0.06,0.17424,0.0781,0.9,0.035,0.81,86.75,-7.2614,2.178,2.178,-3.1726
4.3,105,55,0.225,0.06,0.15374000000000002,0.0781,0.9,0.035,0.81,79.6,-7.7023,1.8375,1.8375,-3.2554
5.0,105,55,0.225,0.06,0.1358,0.0781,0.9,0.035,0.81,73.9,-8.2146,1.5934,1.5934,-3.2874
3.6,105,55,0.1125,0.06,0.17424,0.0781,0.9,0.035,0.81,85.0,-6.6794,1.7966,1.7966,-3.5423
4.3,105,55,0.1125,0.06,0.15374000000000002,0.0781,0.9,0.035,0.81,78.2,-7.1621,1.5145,1.5145,-3.5826
5.0,105,55,0.1125,0.06,0.1358,0.0781,0.9,0.035,0.81,72.75,-7.725,1.3208,1.3208,-3.5628
3.6,105,55,0.225,0.18,0.14256,0.0639,0.9,0.035,0.9,90.45,-11.931,3.1668,3.1668,-2.5864
4.3,105,55,0.225,0.18,0.12579,0.0639,0.9,0.035,0.9,83.0,-12.483,2.6794,2.6794,-2.8203
5.0,105,55,0.225,0.18,0.11111,0.0639,0.9,0.035,0.9,77.05,-13.162,2.282,2.282,-2.9683
3.6,105,55,0.1125,0.18,0.14256,0.0639,0.9,0.035,0.9,87.45,-8.5591,2.3826,2.3826,-3.3954
4.3,105,55,0.1125,0.18,0.12579,0.0639,0.9,0.035,0.9,80.4,-9.1792,1.9859,1.9859,-3.5307
5.0,105,55,0.1125,0.18,0.11111,0.0639,0.9,0.035,0.9,74.8,-9.9089,1.6807,1.6807,-3.5796
3.6,105,55,0.225,0.06,0.14256,0.0639,0.9,0.035,0.9,86.5,-9.6086,2.5106,2.5106,-3.2186
4.3,105,55,0.225,0.06,0.12579,0.0639,0.9,0.035,0.9,79.35,-10.148,2.0526,2.0526,-3.3964
5.0,105,55,0.225,0.06,0.11111,0.0639,0.9,0.035,0.9,73.7,-10.799,1.6877,1.6877,-3.5108
3.6,105,55,0.1125,0.06,0.14256,0.0639,0.9,0.035,0.9,85.1,-8.6675,2.1489,2.1489,-3.6004
4.3,105,55,0.1125,0.06,0.12579,0.0639,0.9,0.035,0.9,78.25,-9.2978,1.7544,1.7544,-3.7107
5.0,105,55,0.1125,0.06,0.11111,0.0639,0.9,0.035,0.9,72.8,-10.065,1.4414,1.4414,-3.7681
3.6,105,55,0.225,0.18,0.1584,0.071,0.9,0.035,0.9,90.35,-11.168,3.3713,3.3713,-2.3684
4.3,105,55,0.225,0.18,0.13976,0.071,0.9,0.035,0.9,82.9,-11.652,2.8978,2.8978,-2.5919
5.0,105,55,0.225,0.18,0.12346,0.071,0.9,0.035,0.9,76.95,-12.268,2.5311,2.5311,-2.7076
3.6,105,55,0.1125,0.18,0.1584,0.071,0.9,0.035,0.9,87.35,-7.9653,2.5311,2.5311,-3.2208
4.3,105,55,0.1125,0.18,0.13976,0.071,0.9,0.035,0.9,80.3,-8.491,2.1551,2.1551,-3.3489
5.0,105,55,0.1125,0.18,0.12346,0.071,0.9,0.035,0.9,74.7,-9.1098,1.8737,1.8737,-3.3763
3.6,105,55,0.225,0.06,0.1584,0.071,0.9,0.035,0.9,86.3,-8.9757,2.6518,2.6518,-3.0637
4.3,105,55,0.225,0.06,0.13976,0.071,0.9,0.035,0.9,79.2,-9.4372,2.2232,2.2232,-3.2163
5.0,105,55,0.225,0.06,0.12346,0.071,0.9,0.035,0.9,73.55,-9.996,1.8907,1.8907,-3.2968
3.6,105,55,0.1125,0.06,0.1584,0.071,0.9,0.035,0.9,84.9,-8.032,2.2768,2.2768,-3.4477
4.3,105,55,0.1125,0.06,0.13976,0.071,0.9,0.035,0.9,78.05,-8.5692,1.9048,1.9048,-3.5442
5.0,105,55,0.1125,0.06,0.12346,0.071,0.9,0.035,0.9,72.6,-9.2207,1.6167,1.6167,-3.5809
3.6,105,55,0.225,0.18,0.17424,0.0781,0.9,0.035,0.9,90.2,-10.36,3.4744,3.4744,-2.2486
4.3,105,55,0.225,0.18,0.15374000000000002,0.0781,0.9,0.035,0.9,82.7,-10.804,3.0117,3.0117,-2.4663
5.0,105,55,0.225,0.18,0.1358,0.0781,0.9,0.035,0.9,76.8,-11.363,2.669,2.669,-2.5567
3.6,105,55,0.1125,0.18,0.17424,0.0781,0.9,0.035,0.9,87.05,-7.5416,2.6108,2.6108,-3.1074
4.3,105,55,0.1125,0.18,0.15374000000000002,0.0781,0.9,0.035,0.9,80.05,-8.0218,2.2593,2.2593,-3.2261
5.0,105,55,0.1125,0.18,0.1358,0.0781,0.9,0.035,0.9,74.45,-8.5867,1.9957,1.9957,-3.2395
3.6,105,55,0.225,0.06,0.17424,0.0781,0.9,0.035,0.9,86.2,-8.471,2.7727,2.7727,-2.9203
4.3,105,55,0.225,0.06,0.15374000000000002,0.0781,0.9,0.035,0.9,79.1,-8.8825,2.3638,2.3638,-3.0614
5.0,105,55,0.225,0.06,0.1358,0.0781,0.9,0.035,0.9,73.45,-9.3797,2.0493,2.0493,-3.1268
3.6,105,55,0.1125,0.06,0.17424,0.0781,0.9,0.035,0.9,84.65,-7.5407,2.3664,2.3664,-3.3271
4.3,105,55,0.1125,0.06,0.15374000000000002,0.0781,0.9,0.035,0.9,77.85,-8.0178,2.0155,2.0155,-3.4169
5.0,105,55,0.1125,0.06,0.1358,0.0781,0.9,0.035,0.9,72.4,-8.5944,1.7479,1.7479,-3.4368
3.6,105,55,0.225,0.18,0.14256,0.0639,0.9,0.035,0.99,89.25,-16.524,3.6398,3.6398,-2.3837
4.3,105,55,0.225,0.18,0.12579,0.0639,0.9,0.035,0.99,82.0,-17.085,3.1318,3.1318,-2.6255
5.0,105,55,0.225,0.18,0.11111,0.0639,0.9,0.035,0.99,76.15,-17.882,2.6798,2.6798,-2.8517
3.6,105,55,0.1125,0.18,0.14256,0.0639,0.9,0.035,0.99,86.95,-9.9571,2.95,2.95,-3.139
4.3,105,55,0.1125,0.18,0.12579,0.0639,0.9,0.035,0.99,79.95,-10.592,2.5055,2.5055,-3.2996
5.0,105,55,0.1125,0.18,0.11111,0.0639,0.9,0.035,0.99,74.35,-11.353,2.1323,2.1323,-3.4283
3.6,105,55,0.225,0.06,0.14256,0.0639,0.9,0.035,0.99,86.0,-11.262,3.0135,3.0135,-3.0168
4.3,105,55,0.225,0.06,0.12579,0.0639,0.9,0.035,0.99,78.95,-11.769,2.5156,2.5156,-3.2304
5.0,105,55,0.225,0.06,0.11111,0.0639,0.9,0.035,0.99,73.3,-12.427,2.0796,2.0796,-3.4124
3.6,105,55,0.1125,0.06,0.14256,0.0639,0.9,0.035,0.99,84.75,-9.7989,2.6563,2.6563,-3.4015
4.3,105,55,0.1125,0.06,0.12579,0.0639,0.9,0.035,0.99,77.95,-10.439,2.217,2.217,-3.5498
5.0,105,55,0.1125,0.06,0.11111,0.0639,0.9,0.035,0.99,72.5,-11.233,1.8426,1.8426,-3.663
3.6,105,55,0.225,0.18,0.1584,0.071,0.9,0.035,0.99,89.1,-14.875,3.8249,3.8249,-2.1785
4.3,105,55,0.225,0.18,0.13976,0.071,0.9,0.035,0.99,81.8,-15.303,3.3173,3.3173,-2.4258
5.0,105,55,0.225,0.18,0.12346,0.071,0.9,0.035,0.99,75.95,-15.911,2.9012,2.9012,-2.62
3.6,105,55,0.1125,0.18,0.1584,0.071,0.9,0.035,0.99,86.7,-9.284,3.0739,3.0739,-2.9917
4.3,105,55,0.1125,0.18,0.13976,0.071,0.9,0.035,0.99,79.7,-9.8295,2.6445,2.6445,-3.1454
5.0,105,55,0.1125,0.18,0.12346,0.071,0.9,0.035,0.99,74.1,-10.489,2.2979,2.2979,-3.2521
3.6,105,55,0.225,0.06,0.1584,0.071,0.9,0.035,0.99,85.8,-10.499,3.1693,3.1693,-2.842
4.3,105,55,0.225,0.06,0.13976,0.071,0.9,0.035,0.99,78.75,-10.911,2.689,2.689,-3.0436
5.0,105,55,0.225,0.06,0.12346,0.071,0.9,0.035,0.99,73.1,-11.46,2.2838,2.2838,-3.198
3.6,105,55,0.1125,0.06,0.1584,0.071,0.9,0.035,0.99,84.5,-9.0752,2.7938,2.7938,-3.2436
4.3,105,55,0.1125,0.06,0.13976,0.071,0.9,0.035,0.99,77.7,-9.6051,2.362,2.362,-3.3906
5.0,105,55,0.1125,0.06,0.12346,0.071,0.9,0.035,0.99,72.25,-10.282,2.0032,2.0032,-3.492
3.6,105,55,0.225,0.18,0.17424,0.0781,0.9,0.035,0.99,88.9,-13.655,3.9583,3.9583,-2.0216
4.3,105,55,0.225,0.18,0.15374000000000002,0.0781,0.9,0.035,0.99,81.6,-14.014,3.4693,3.4693,-2.2578
5.0,105,55,0.225,0.18,0.1358,0.0781,0.9,0.035,0.99,75.75,-14.525,3.0637,3.0637,-2.4457
3.6,105,55,0.1125,0.18,0.17424,0.0781,0.9,0.035,0.99,86.4,-8.7647,3.1681,3.1681,-2.8604
4.3,105,55,0.1125,0.18,0.15374000000000002,0.0781,0.9,0.035,0.99,79.45,-9.2484,2.7607,2.7607,-3.0131
5.0,105,55,0.1125,0.18,0.1358,0.0781,0.9,0.035,0.99,73.85,-9.8348,2.4292,2.4292,-3.1091
3.6,105,55,0.225,0.06,0.17424,0.0781,0.9,0.035,0.99,85.65,-9.9041,3.3007,3.3007,-2.6883
4.3,105,55,0.225,0.06,0.15374000000000002,0.0781,0.9,0.035,0.99,78.6,-10.262,2.8391,2.8391,-2.8789
5.0,105,55,0.225,0.06,0.1358,0.0781,0.9,0.035,0.99,72.95,-10.731,2.4558,2.4558,-3.0161
3.6,105,55,0.1125,0.06,0.17424,0.0781,0.9,0.035,0.99,84.3,-8.5198,2.8955,2.8955,-3.1161
4.3,105,55,0.1125,0.06,0.15374000000000002,0.0781,0.9,0.035,0.99,77.5,-8.9817,2.4904,2.4904,-3.2478
5.0,105,55,0.1125,0.06,0.1358,0.0781,0.9,0.035,0.99,72.05,-9.5539,2.153,2.153,-3.3326
3.6,105,55,0.25,0.2,0.14256,0.0639,1.0,0.035,0.9,82.75,-9.9321,2.4352,2.4352,-3.0468
4.3,105,55,0.25,0.2,0.12579,0.0639,1.0,0.035,0.9,75.9,-10.385,1.9624,1.9624,-3.2311
5.0,105,55,0.25,0.2,0.11111,0.0639,1.0,0.035,0.9,70.5,-11.17,1.6562,1.6562,-3.3106
3.6,105,55,0.125,0.2,0.14256,0.0639,1.0,0.035,0.9,79.4,-7.852,1.6409,1.6409,-3.807
4.3,105,55,0.125,0.2,0.12579,0.0639,1.0,0.035,0.9,73.05,-8.4704,1.3037,1.3037,-3.8759
5.0,105,55,0.125,0.2,0.11111,0.0639,1.0,0.035,0.9,67.95,-9.2111,1.0578,1.0578,-3.9062
3.6,105,55,0.25,0.06666699999999999,0.14256,0.0639,1.0,0.035,0.9,78.35,-8.9179,1.8055,1.8055,-3.5879
4.3,105,55,0.25,0.06666699999999999,0.12579,0.0639,1.0,0.035,0.9,71.85,-9.4301,1.3777,1.3777,-3.7346
5.0,105,55,0.25,0.06666699999999999,0.11111,0.0639,1.0,0.035,0.9,66.8,-10.201,1.0979,1.0979,-3.8028
3.6,105,55,0.125,0.06666699999999999,0.14256,0.0639,1.0,0.035,0.9,77.0,-8.2956,1.4695,1.4695,-3.921
4.3,105,55,0.125,0.06666699999999999,0.12579,0.0639,1.0,0.035,0.9,70.8,-8.9726,1.1157,1.1157,-4.0045
5.0,105,55,0.125,0.06666699999999999,0.11111,0.0639,1.0,0.035,0.9,65.9,-9.8117,0.8652,0.8652,-4.0448
3.6,105,55,0.25,0.2,0.1584,0.071,1.0,0.035,0.9,82.65,-9.1701,2.5855,2.5855,-2.893
4.3,105,55,0.25,0.2,0.13976,0.071,1.0,0.035,0.9,75.85,-9.5822,2.1359,2.1359,-3.0494
5.0,105,55,0.25,0.2,0.12346,0.071,1.0,0.035,0.9,70.35,-10.271,1.8326,1.8326,-3.1269
3.6,105,55,0.125,0.2,0.1584,0.071,1.0,0.035,0.9,79.2,-7.3095,1.7601,1.7601,-3.6673
4.3,105,55,0.125,0.2,0.13976,0.071,1.0,0.035,0.9,72.85,-7.8532,1.4427,1.4427,-3.7259
5.0,105,55,0.125,0.2,0.12346,0.071,1.0,0.035,0.9,67.8,-8.5094,1.22,1.22,-3.7347
3.6,105,55,0.25,0.06666699999999999,0.1584,0.071,1.0,0.035,0.9,78.3,-8.277000000000001,1.9612,1.9612,-3.4182
4.3,105,55,0.25,0.06666699999999999,0.13976,0.071,1.0,0.035,0.9,71.85,-8.7128,1.5653,1.5653,-3.5379
5.0,105,55,0.25,0.06666699999999999,0.12346,0.071,1.0,0.035,0.9,66.75,-9.3778,1.3017,1.3017,-3.5928
3.6,105,55,0.125,0.06666699999999999,0.1584,0.071,1.0,0.035,0.9,76.8,-7.6472,1.5908,1.5908,-3.779
4.3,105,55,0.125,0.06666699999999999,0.13976,0.071,1.0,0.035,0.9,70.65,-8.2193,1.2734,1.2734,-3.8349
5.0,105,55,0.125,0.06666699999999999,0.12346,0.071,1.0,0.035,0.9,65.75,-8.9316,1.042,1.042,-3.8599
3.6,105,55,0.25,0.2,0.17424,0.0781,1.0,0.035,0.9,82.65,-8.7017,2.7615,2.7615,-2.7087
4.3,105,55,0.25,0.2,0.15374000000000002,0.0781,1.0,0.035,0.9,75.8,-9.1101,2.3284,2.3284,-2.8474
5.0,105,55,0.25,0.2,0.1358,0.0781,1.0,0.035,0.9,70.3,-9.7436,2.0438,2.0438,-2.9073
3.6,105,55,0.125,0.2,0.17424,0.0781,1.0,0.035,0.9,79.15,-6.8521,1.8878,1.8878,-3.5212
4.3,105,55,0.125,0.2,0.15374000000000002,0.0781,1.0,0.035,0.9,72.8,-7.332000000000002,1.5887,1.5887,-3.5716
5.0,105,55,0.125,0.2,0.1358,0.0781,1.0,0.035,0.9,67.75,-7.9016,1.3853,1.3853,-3.5568
3.6,105,55,0.25,0.06666699999999999,0.17424,0.0781,1.0,0.035,0.9,78.2,-7.79,2.0872,2.0872,-3.2754
4.3,105,55,0.25,0.06666699999999999,0.15374000000000002,0.0781,1.0,0.035,0.9,71.75,-8.1761,1.7112,1.7112,-3.3825
5.0,105,55,0.25,0.06666699999999999,0.1358,0.0781,1.0,0.035,0.9,66.65,-8.7715,1.47,1.47,-3.4162
3.6,105,55,0.125,0.06666699999999999,0.17424,0.0781,1.0,0.035,0.9,76.65,-7.138,1.6992,1.6992,-3.6516
4.3,105,55,0.125,0.06666699999999999,0.15374000000000002,0.0781,1.0,0.035,0.9,70.5,-7.6412,1.4068,1.4068,-3.6911
5.0,105,55,0.125,0.06666699999999999,0.1358,0.0781,1.0,0.035,0.9,65.6,-8.2668,1.1945,1.1945,-3.6983
3.6,105,55,0.25,0.2,0.14256,0.0639,1.0,0.035,1.0,81.5,-13.31,2.9967,2.9967,-2.7636
4.3,105,55,0.25,0.2,0.12579,0.0639,1.0,0.035,1.0,74.85,-13.734000000000002,2.475,2.475,-3.0262
5.0,105,55,0.25,0.2,0.11111,0.0639,1.0,0.035,1.0,69.5,-14.687,2.093,2.093,-3.1637
3.6,105,55,0.125,0.2,0.14256,0.0639,1.0,0.035,1.0,78.9,-9.182,2.2462,2.2462,-3.548
4.3,105,55,0.125,0.2,0.12579,0.0639,1.0,0.035,1.0,72.55,-9.8487,1.8383,1.8383,-3.6844
5.0,105,55,0.125,0.2,0.11111,0.0639,1.0,0.035,1.0,67.5,-10.663,1.5185,1.5185,-3.7463
3.6,105,55,0.25,0.06666699999999999,0.14256,0.0639,1.0,0.035,1.0,77.9,-10.439,2.352,2.352,-3.3802
4.3,105,55,0.25,0.06666699999999999,0.12579,0.0639,1.0,0.035,1.0,71.5,-10.925999999999998,1.8757,1.8757,-3.5704
5.0,105,55,0.25,0.06666699999999999,0.11111,0.0639,1.0,0.035,1.0,66.4,-11.736,1.4922,1.4922,-3.7079
3.6,105,55,0.125,0.06666699999999999,0.14256,0.0639,1.0,0.035,1.0,76.7,-9.3888,2.0025,2.0025,-3.7487
4.3,105,55,0.125,0.06666699999999999,0.12579,0.0639,1.0,0.035,1.0,70.5,-10.094,1.5918,1.5918,-3.8692
5.0,105,55,0.125,0.06666699999999999,0.11111,0.0639,1.0,0.035,1.0,65.6,-10.988,1.243,1.243,-3.9671
3.6,105,55,0.25,0.2,0.1584,0.071,1.0,0.035,1.0,81.4,-12.153,3.179,3.179,-2.5701
4.3,105,55,0.25,0.2,0.13976,0.071,1.0,0.035,1.0,74.7,-12.517,2.6758,2.6758,-2.8167
5.0,105,55,0.25,0.2,0.12346,0.071,1.0,0.035,1.0,69.35,-13.29,2.3036,2.3036,-2.9426
3.6,105,55,0.125,0.2,0.1584,0.071,1.0,0.035,1.0,78.7,-8.522,2.3817,2.3817,-3.3908
4.3,105,55,0.125,0.2,0.13976,0.071,1.0,0.035,1.0,72.35,-9.1,1.99,1.99,-3.5191
5.0,105,55,0.125,0.2,0.12346,0.071,1.0,0.035,1.0,67.3,-9.802,1.6862,1.6862,-3.5668
3.6,105,55,0.25,0.06666699999999999,0.1584,0.071,1.0,0.035,1.0,77.85,-9.6852,2.531,2.531,-3.1892
4.3,105,55,0.25,0.06666699999999999,0.13976,0.071,1.0,0.035,1.0,71.4,-10.081,2.0631,2.0631,-3.3752
5.0,105,55,0.25,0.06666699999999999,0.12346,0.071,1.0,0.035,1.0,66.35,-10.761,1.7194,1.7194,-3.4723
3.6,105,55,0.125,0.06666699999999999,0.1584,0.071,1.0,0.035,1.0,76.55,-8.6448,2.1551,2.1551,-3.583
4.3,105,55,0.125,0.06666699999999999,0.13976,0.071,1.0,0.035,1.0,70.35,-9.23,1.7555,1.7555,-3.6971
5.0,105,55,0.125,0.06666699999999999,0.12346,0.071,1.0,0.035,1.0,65.45,-9.9698,1.4455,1.4455,-3.7544
3.6,105,55,0.25,0.2,0.17424,0.0781,1.0,0.035,1.0,81.35,-11.482,3.3785,3.3785,-2.3565
4.3,105,55,0.25,0.2,0.15374000000000002,0.0781,1.0,0.035,1.0,74.65,-11.832,2.8981,2.8981,-2.584
5.0,105,55,0.25,0.2,0.1358,0.0781,1.0,0.035,1.0,69.3,-12.515999999999998,2.5447,2.5447,-2.6902
3.6,105,55,0.125,0.2,0.17424,0.0781,1.0,0.035,1.0,78.6,-7.9897,2.5234,2.5234,-3.2233
4.3,105,55,0.125,0.2,0.15374000000000002,0.0781,1.0,0.035,1.0,72.25,-8.486,2.1484,2.1484,-3.347
5.0,105,55,0.125,0.2,0.1358,0.0781,1.0,0.035,1.0,67.2,-9.0842,1.8671,1.8671,-3.3755
3.6,105,55,0.25,0.06666699999999999,0.17424,0.0781,1.0,0.035,1.0,77.7,-9.1066,2.6673,2.6673,-3.0395
4.3,105,55,0.25,0.06666699999999999,0.15374000000000002,0.0781,1.0,0.035,1.0,71.3,-9.4459,2.2234,2.2234,-3.2063
5.0,105,55,0.25,0.06666699999999999,0.1358,0.0781,1.0,0.035,1.0,66.2,-10.037,1.8944,1.8944,-3.2861
3.6,105,55,0.125,0.06666699999999999,0.17424,0.0781,1.0,0.035,1.0,76.35,-8.0629,2.266,2.266,-3.4505
4.3,105,55,0.125,0.06666699999999999,0.15374000000000002,0.0781,1.0,0.035,1.0,70.2,-8.5669,1.8927,1.8927,-3.5472
5.0,105,55,0.125,0.06666699999999999,0.1358,0.0781,1.0,0.035,1.0,65.3,-9.2043,1.6012,1.6012,-3.5881
3.6,105,55,0.25,0.2,0.14256,0.0639,1.0,0.035,1.1,80.45,-18.452,3.3982,3.3982,-2.6405
4.3,105,55,0.25,0.2,0.12579,0.0639,1.0,0.035,1.1,73.9,-18.774,2.847,2.847,-2.9201
5.0,105,55,0.25,0.2,0.11111,0.0639,1.0,0.035,1.1,68.65,-20.066,2.3925,2.3925,-3.144
3.6,105,55,0.125,0.2,0.14256,0.0639,1.0,0.035,1.1,78.4,-10.814,2.7795,2.7795,-3.3222
4.3,105,55,0.125,0.2,0.12579,0.0639,1.0,0.035,1.1,72.05,-11.481,2.3073,2.3073,-3.5026
5.0,105,55,0.125,0.2,0.11111,0.0639,1.0,0.035,1.1,67.0,-12.431,1.9216,1.9216,-3.6387
3.6,105,55,0.25,0.06666699999999999,0.14256,0.0639,1.0,0.035,1.1,77.5,-12.235,2.8414,2.8414,-3.2008
4.3,105,55,0.25,0.06666699999999999,0.12579,0.0639,1.0,0.035,1.1,71.1,-12.683,2.2959,2.2959,-3.4522
5.0,105,55,0.25,0.06666699999999999,0.11111,0.0639,1.0,0.035,1.1,66.05,-13.538,1.8628,1.8628,-3.6277
3.6,105,55,0.125,0.06666699999999999,0.14256,0.0639,1.0,0.035,1.1,76.5,-10.611,2.5203,2.5203,-3.5488
4.3,105,55,0.125,0.06666699999999999,0.12579,0.0639,1.0,0.035,1.1,70.25,-11.32,2.0231,2.0231,-3.7451
5.0,105,55,0.125,0.06666699999999999,0.11111,0.0639,1.0,0.035,1.1,65.4,-12.223,1.6326,1.6326,-3.8722
3.6,105,55,0.25,0.2,0.1584,0.071,1.0,0.035,1.1,80.35,-16.991,3.6599,3.6599,-2.3613
4.3,105,55,0.25,0.2,0.13976,0.071,1.0,0.035,1.1,73.8,-17.219,3.1327,3.1327,-2.6216
5.0,105,55,0.25,0.2,0.12346,0.071,1.0,0.035,1.1,68.5,-18.152,2.716,2.716,-2.8107
3.6,105,55,0.125,0.2,0.1584,0.071,1.0,0.035,1.1,78.3,-9.9672,2.9692,2.9692,-3.1146
4.3,105,55,0.125,0.2,0.13976,0.071,1.0,0.035,1.1,71.95,-10.488,2.5168,2.5168,-3.2818
5.0,105,55,0.125,0.2,0.12346,0.071,1.0,0.035,1.1,66.9,-11.244000000000002,2.1506,2.1506,-3.4027
3.6,105,55,0.25,0.06666699999999999,0.1584,0.071,1.0,0.035,1.1,77.45,-11.347,3.0451,3.0451,-2.9788
4.3,105,55,0.25,0.06666699999999999,0.13976,0.071,1.0,0.035,1.1,71.05,-11.679,2.5294,2.5294,-3.2089
5.0,105,55,0.25,0.06666699999999999,0.12346,0.071,1.0,0.035,1.1,65.95,-12.353,2.1086,2.1086,-3.3747
3.6,105,55,0.125,0.06666699999999999,0.1584,0.071,1.0,0.035,1.1,76.3,-9.7704,2.6757,2.6757,-3.3742
4.3,105,55,0.125,0.06666699999999999,0.13976,0.071,1.0,0.035,1.1,70.1,-10.336,2.2173,2.2173,-3.54
5.0,105,55,0.125,0.06666699999999999,0.12346,0.071,1.0,0.035,1.1,65.2,-11.08,1.8355,1.8355,-3.6605
3.6,105,55,0.25,0.2,0.17424,0.0781,1.0,0.035,1.1,80.2,-15.431,3.8251,3.8251,-2.1763
4.3,105,55,0.25,0.2,0.15374000000000002,0.0781,1.0,0.035,1.1,73.65,-15.607,3.3182,3.3182,-2.4227
5.0,105,55,0.25,0.2,0.1358,0.0781,1.0,0.035,1.1,68.35,-16.33,2.905,2.905,-2.6111
3.6,105,55,0.125,0.2,0.17424,0.0781,1.0,0.035,1.1,78.05,-9.3599,3.0852,3.0852,-2.9763
4.3,105,55,0.125,0.2,0.15374000000000002,0.0781,1.0,0.035,1.1,71.75,-9.8081,2.6451,2.6451,-3.1394
5.0,105,55,0.125,0.2,0.1358,0.0781,1.0,0.035,1.1,66.7,-10.477,2.3001,2.3001,-3.2430000000000003
3.6,105,55,0.25,0.06666699999999999,0.17424,0.0781,1.0,0.035,1.1,77.3,-10.652,3.1905,3.1905,-2.8154
4.3,105,55,0.25,0.06666699999999999,0.15374000000000002,0.0781,1.0,0.035,1.1,70.9,-10.917,2.6929,2.6929,-3.0334
5.0,105,55,0.25,0.06666699999999999,0.1358,0.0781,1.0,0.035,1.1,65.8,-11.49,2.2902,2.2902,-3.1837
3.6,105,55,0.125,0.06666699999999999,0.17424,0.0781,1.0,0.035,1.1,76.1,-9.1134,2.8006,2.8006,-3.2304
4.3,105,55,0.125,0.06666699999999999,0.15374000000000002,0.0781,1.0,0.035,1.1,69.9,-9.5832,2.3576,2.3576,-3.387
5.0,105,55,0.125,0.06666699999999999,0.1358,0.0781,1.0,0.035,1.1,65.05,-10.215,2.0118,2.0118,-3.4760000000000004
